block_id,accept_brand,run_date,bs_level,bs_id,file_id,member_id,label,counts,recon_amount,recon_sign,fee_amount,fee_sign
2,DMC                          CLEARING CYCLE 004 - ACKNOWLEDGEMENT                              PAGE NO:         1,02/20/25,INTERREGIONAL,060101,002/250219/00000008376/00000,00000008376,FIRST PRES.  PURCHASE   ORIG YA,27.0,5965.94,CR,97.01,
2,DMC                          CLEARING CYCLE 004 - ACKNOWLEDGEMENT                              PAGE NO:         1,02/20/25,INTERREGIONAL,060101,002/250219/00000008376/00000,00000008376,PURCHASE   ORIG YB,3.0,354.93,CR,6.69,
2,DMC                          CLEARING CYCLE 004 - ACKNOWLEDGEMENT                              PAGE NO:         1,02/20/25,INTERREGIONAL,060101,002/250219/00000008376/00000,00000008376,PURCHASE   ORIG YD       1,164.0,7283.45,CR,81.1,
2,DMC                          CLEARING CYCLE 004 - ACKNOWLEDGEMENT                              PAGE NO:         1,02/20/25,INTERREGIONAL,060101,002/250219/00000008376/00000,00000008376,PURCHASE   ORIG YE,4.0,624.15,CR,11.76,
2,DMC                          CLEARING CYCLE 004 - ACKNOWLEDGEMENT                              PAGE NO:         1,02/20/25,INTERREGIONAL,060101,002/250219/00000008376/00000,00000008376,PURCHASE   ORIG YG,3.0,119.07,CR,1.93,
2,DMC                          CLEARING CYCLE 004 - ACKNOWLEDGEMENT                              PAGE NO:         1,02/20/25,INTERREGIONAL,060101,002/250219/00000008376/00000,00000008376,CREDIT     ORIG YA,1.0,356.1,DR,3.6,
2,DMC                          CLEARING CYCLE 004 - ACKNOWLEDGEMENT                              PAGE NO:         1,02/20/25,INTERREGIONAL,060101,002/250219/00000008376/00000,00000008376,CREDIT     ORIG YH,1.0,0.46,DR,0.0,
2,DMC                          CLEARING CYCLE 004 - ACKNOWLEDGEMENT                              PAGE NO:         1,02/20/25,INTERREGIONAL,060101,002/250219/00000008376/00000,00000008376,FIRST PRES.  TOTAL                    2,203.0,13990.98,CR,194.89,
2,DMC                          CLEARING CYCLE 004 - ACKNOWLEDGEMENT                              PAGE NO:         1,02/20/25,INTERREGIONAL,060101,002/250219/00000008376/00000,00000008376,BUSINESS SERVICE ID SUBTOTAL          2,203.0,13990.98,CR,194.89,
4,DMC                          CLEARING CYCLE 004 - ACKNOWLEDGEMENT                              PAGE NO:         1,02/20/25,INTERREGIONAL,060201,002/250219/00000008376/00000,00000008376,FIRST PRES.  PURCHASE   ORIG YA,1.0,1574.4,CR,25.6,
4,DMC                          CLEARING CYCLE 004 - ACKNOWLEDGEMENT                              PAGE NO:         1,02/20/25,INTERREGIONAL,060201,002/250219/00000008376/00000,00000008376,PURCHASE   ORIG YD,2.0,46.46,CR,0.52,
4,DMC                          CLEARING CYCLE 004 - ACKNOWLEDGEMENT                              PAGE NO:         1,02/20/25,INTERREGIONAL,060201,002/250219/00000008376/00000,00000008376,FIRST PRES.  TOTAL,3.0,1620.86,CR,26.12,
4,DMC                          CLEARING CYCLE 004 - ACKNOWLEDGEMENT                              PAGE NO:         1,02/20/25,INTERREGIONAL,060201,002/250219/00000008376/00000,00000008376,BUSINESS SERVICE ID SUBTOTAL,3.0,1620.86,CR,26.12,
6,DMC                          CLEARING CYCLE 004 - ACKNOWLEDGEMENT                              PAGE NO:         1,02/20/25,INTERREGIONAL,060301,002/250219/00000008376/00000,00000008376,FIRST PRES.  PURCHASE   ORIG YA,1.0,110.89,CR,1.8,
6,DMC                          CLEARING CYCLE 004 - ACKNOWLEDGEMENT                              PAGE NO:         1,02/20/25,INTERREGIONAL,060301,002/250219/00000008376/00000,00000008376,PURCHASE   ORIG YB,1.0,152.0,CR,2.86,
6,DMC                          CLEARING CYCLE 004 - ACKNOWLEDGEMENT                              PAGE NO:         1,02/20/25,INTERREGIONAL,060301,002/250219/00000008376/00000,00000008376,PURCHASE   ORIG YD,12.0,225.27,CR,2.51,
6,DMC                          CLEARING CYCLE 004 - ACKNOWLEDGEMENT                              PAGE NO:         1,02/20/25,INTERREGIONAL,060301,002/250219/00000008376/00000,00000008376,PURCHASE   ORIG YE,2.0,17.79,CR,0.33,
6,DMC                          CLEARING CYCLE 004 - ACKNOWLEDGEMENT                              PAGE NO:         1,02/20/25,INTERREGIONAL,060301,002/250219/00000008376/00000,00000008376,FIRST PRES.  TOTAL,16.0,505.95,CR,7.5,
6,DMC                          CLEARING CYCLE 004 - ACKNOWLEDGEMENT                              PAGE NO:         1,02/20/25,INTERREGIONAL,060301,002/250219/00000008376/00000,00000008376,BUSINESS SERVICE ID SUBTOTAL,16.0,505.95,CR,7.5,
8,DMC                          CLEARING CYCLE 004 - ACKNOWLEDGEMENT                              PAGE NO:         1,02/20/25,INTERREGIONAL,060401,002/250219/00000008376/00000,00000008376,FIRST PRES.  PURCHASE   ORIG YA,9.0,315.28,CR,5.13,
8,DMC                          CLEARING CYCLE 004 - ACKNOWLEDGEMENT                              PAGE NO:         1,02/20/25,INTERREGIONAL,060401,002/250219/00000008376/00000,00000008376,PURCHASE   ORIG YB,8.0,654.41,CR,12.33,
8,DMC                          CLEARING CYCLE 004 - ACKNOWLEDGEMENT                              PAGE NO:         1,02/20/25,INTERREGIONAL,060401,002/250219/00000008376/00000,00000008376,PURCHASE   ORIG YC,2.0,459.96,CR,9.29,
8,DMC                          CLEARING CYCLE 004 - ACKNOWLEDGEMENT                              PAGE NO:         1,02/20/25,INTERREGIONAL,060401,002/250219/00000008376/00000,00000008376,PURCHASE   ORIG YD,68.0,2054.1,CR,22.86,
8,DMC                          CLEARING CYCLE 004 - ACKNOWLEDGEMENT                              PAGE NO:         1,02/20/25,INTERREGIONAL,060401,002/250219/00000008376/00000,00000008376,PURCHASE   ORIG YE,52.0,1944.08,CR,36.67,
8,DMC                          CLEARING CYCLE 004 - ACKNOWLEDGEMENT                              PAGE NO:         1,02/20/25,INTERREGIONAL,060401,002/250219/00000008376/00000,00000008376,PURCHASE   ORIG YF,12.0,146.37,CR,2.96,
8,DMC                          CLEARING CYCLE 004 - ACKNOWLEDGEMENT                              PAGE NO:         1,02/20/25,INTERREGIONAL,060401,002/250219/00000008376/00000,00000008376,PURCHASE   ORIG YH,3.0,105.99,CR,2.01,
8,DMC                          CLEARING CYCLE 004 - ACKNOWLEDGEMENT                              PAGE NO:         1,02/20/25,INTERREGIONAL,060401,002/250219/00000008376/00000,00000008376,PURCHASE   ORIG 61,8.0,139.34,CR,2.84,
8,DMC                          CLEARING CYCLE 004 - ACKNOWLEDGEMENT                              PAGE NO:         1,02/20/25,INTERREGIONAL,060401,002/250219/00000008376/00000,00000008376,UNIQUE TXN ORIG YE,1.0,151.88,CR,2.86,
8,DMC                          CLEARING CYCLE 004 - ACKNOWLEDGEMENT                              PAGE NO:         1,02/20/25,INTERREGIONAL,060401,002/250219/00000008376/00000,00000008376,CREDIT     ORIG YH,1.0,3.03,DR,0.03,
8,DMC                          CLEARING CYCLE 004 - ACKNOWLEDGEMENT                              PAGE NO:         1,02/20/25,INTERREGIONAL,060401,002/250219/00000008376/00000,00000008376,FIRST PRES.  TOTAL                    1,164.0,5968.38,CR,96.92,
8,DMC                          CLEARING CYCLE 004 - ACKNOWLEDGEMENT                              PAGE NO:         1,02/20/25,INTERREGIONAL,060401,002/250219/00000008376/00000,00000008376,BUSINESS SERVICE ID SUBTOTAL          1,164.0,5968.38,CR,96.92,
10,DMC                          CLEARING CYCLE 004 - ACKNOWLEDGEMENT                              PAGE NO:         1,02/20/25,INTERREGIONAL,060501,002/250219/00000008376/00000,00000008376,FIRST PRES.  PURCHASE   ORIG YA,44.0,3446.56,CR,56.02,
10,DMC                          CLEARING CYCLE 004 - ACKNOWLEDGEMENT                              PAGE NO:         1,02/20/25,INTERREGIONAL,060501,002/250219/00000008376/00000,00000008376,PURCHASE   ORIG YB,12.0,5024.19,CR,94.68,
10,DMC                          CLEARING CYCLE 004 - ACKNOWLEDGEMENT                              PAGE NO:         1,02/20/25,INTERREGIONAL,060501,002/250219/00000008376/00000,00000008376,PURCHASE   ORIG YC       1,148.0,12499.78,CR,252.49,
10,DMC                          CLEARING CYCLE 004 - ACKNOWLEDGEMENT                              PAGE NO:         1,02/20/25,INTERREGIONAL,060501,002/250219/00000008376/00000,00000008376,PURCHASE   ORIG YD       6,621.0,27210.6,CR,302.84,
10,DMC                          CLEARING CYCLE 004 - ACKNOWLEDGEMENT                              PAGE NO:         1,02/20/25,INTERREGIONAL,060501,002/250219/00000008376/00000,00000008376,PURCHASE   ORIG YE       1,153.0,7706.61,CR,145.25,
10,DMC                          CLEARING CYCLE 004 - ACKNOWLEDGEMENT                              PAGE NO:         1,02/20/25,INTERREGIONAL,060501,002/250219/00000008376/00000,00000008376,PURCHASE   ORIG YF       9,952.0,34256.23,CR,691.88,
10,DMC                          CLEARING CYCLE 004 - ACKNOWLEDGEMENT                              PAGE NO:         1,02/20/25,INTERREGIONAL,060501,002/250219/00000008376/00000,00000008376,PURCHASE   ORIG YG,6.0,273.55,CR,4.45,
10,DMC                          CLEARING CYCLE 004 - ACKNOWLEDGEMENT                              PAGE NO:         1,02/20/25,INTERREGIONAL,060501,002/250219/00000008376/00000,00000008376,PURCHASE   ORIG YH,2.0,58.89,CR,1.11,
10,DMC                          CLEARING CYCLE 004 - ACKNOWLEDGEMENT                              PAGE NO:         1,02/20/25,INTERREGIONAL,060501,002/250219/00000008376/00000,00000008376,PURCHASE   ORIG YI,10.0,1009.92,CR,20.41,
10,DMC                          CLEARING CYCLE 004 - ACKNOWLEDGEMENT                              PAGE NO:         1,02/20/25,INTERREGIONAL,060501,002/250219/00000008376/00000,00000008376,PURCHASE   ORIG 61,94.0,9894.44,CR,201.94,
10,DMC                          CLEARING CYCLE 004 - ACKNOWLEDGEMENT                              PAGE NO:         1,02/20/25,INTERREGIONAL,060501,002/250219/00000008376/00000,00000008376,PURCHASE   RVSL YE,1.0,70.41,DR,1.33,
10,DMC                          CLEARING CYCLE 004 - ACKNOWLEDGEMENT                              PAGE NO:         1,02/20/25,INTERREGIONAL,060501,002/250219/00000008376/00000,00000008376,PURCHASE   RVSL YF,1.0,0.99,DR,0.02,
10,DMC                          CLEARING CYCLE 004 - ACKNOWLEDGEMENT                              PAGE NO:         1,02/20/25,INTERREGIONAL,060501,002/250219/00000008376/00000,00000008376,CREDIT     ORIG YG,1.0,0.97,DR,0.01,
10,DMC                          CLEARING CYCLE 004 - ACKNOWLEDGEMENT                              PAGE NO:         1,02/20/25,INTERREGIONAL,060501,002/250219/00000008376/00000,00000008376,CREDIT     ORIG YI,5.0,7.56,DR,0.07,
10,DMC                          CLEARING CYCLE 004 - ACKNOWLEDGEMENT                              PAGE NO:         1,02/20/25,INTERREGIONAL,060501,002/250219/00000008376/00000,00000008376,FIRST PRES.  TOTAL                   20,2050.0,101300.84,CR,1769.64,
10,DMC                          CLEARING CYCLE 004 - ACKNOWLEDGEMENT                              PAGE NO:         1,02/20/25,INTERREGIONAL,060501,002/250219/00000008376/00000,00000008376,"BUSINESS SERVICE ID SUBTOTAL        2,0",50.0,101300.84,CR,1769.64,
12,DMC                          CLEARING CYCLE 004 - ACKNOWLEDGEMENT                              PAGE NO:         1,02/20/25,INTRAREGIONAL,060001,002/250219/00000008376/00000,00000008376,FIRST PRES.  PURCHASE   ORIG YA,34.0,2545.89,CR,47.23,
12,DMC                          CLEARING CYCLE 004 - ACKNOWLEDGEMENT                              PAGE NO:         1,02/20/25,INTRAREGIONAL,060001,002/250219/00000008376/00000,00000008376,PURCHASE   ORIG YB,2.0,378.57,CR,7.33,
12,DMC                          CLEARING CYCLE 004 - ACKNOWLEDGEMENT                              PAGE NO:         1,02/20/25,INTRAREGIONAL,060001,002/250219/00000008376/00000,00000008376,PURCHASE   ORIG YC,2.0,9.02,CR,0.19,
12,DMC                          CLEARING CYCLE 004 - ACKNOWLEDGEMENT                              PAGE NO:         1,02/20/25,INTRAREGIONAL,060001,002/250219/00000008376/00000,00000008376,PURCHASE   ORIG YD       1,126.0,14821.75,CR,174.7,
12,DMC                          CLEARING CYCLE 004 - ACKNOWLEDGEMENT                              PAGE NO:         1,02/20/25,INTRAREGIONAL,060001,002/250219/00000008376/00000,00000008376,PURCHASE   ORIG YE,11.0,539.19,CR,9.9,
12,DMC                          CLEARING CYCLE 004 - ACKNOWLEDGEMENT                              PAGE NO:         1,02/20/25,INTRAREGIONAL,060001,002/250219/00000008376/00000,00000008376,PURCHASE   ORIG YF,15.0,819.82,CR,17.15,
12,DMC                          CLEARING CYCLE 004 - ACKNOWLEDGEMENT                              PAGE NO:         1,02/20/25,INTRAREGIONAL,060001,002/250219/00000008376/00000,00000008376,PURCHASE   ORIG YG,1.0,324.32,CR,5.68,
12,DMC                          CLEARING CYCLE 004 - ACKNOWLEDGEMENT                              PAGE NO:         1,02/20/25,INTRAREGIONAL,060001,002/250219/00000008376/00000,00000008376,PURCHASE   ORIG YJ,9.0,1279.61,CR,23.46,
12,DMC                          CLEARING CYCLE 004 - ACKNOWLEDGEMENT                              PAGE NO:         1,02/20/25,INTRAREGIONAL,060001,002/250219/00000008376/00000,00000008376,PURCHASE   ORIG YK,5.0,365.7,CR,7.46,
12,DMC                          CLEARING CYCLE 004 - ACKNOWLEDGEMENT                              PAGE NO:         1,02/20/25,INTRAREGIONAL,060001,002/250219/00000008376/00000,00000008376,PURCHASE   ORIG YL,1.0,2.27,CR,0.05,
12,DMC                          CLEARING CYCLE 004 - ACKNOWLEDGEMENT                              PAGE NO:         1,02/20/25,INTRAREGIONAL,060001,002/250219/00000008376/00000,00000008376,PURCHASE   ORIG YM,23.0,796.87,CR,11.31,
12,DMC                          CLEARING CYCLE 004 - ACKNOWLEDGEMENT                              PAGE NO:         1,02/20/25,INTRAREGIONAL,060001,002/250219/00000008376/00000,00000008376,PURCHASE   ORIG YQ,43.0,2046.29,CR,39.63,
12,DMC                          CLEARING CYCLE 004 - ACKNOWLEDGEMENT                              PAGE NO:         1,02/20/25,INTRAREGIONAL,060001,002/250219/00000008376/00000,00000008376,PURCHASE   ORIG YS,6.0,4337.03,CR,93.03,
12,DMC                          CLEARING CYCLE 004 - ACKNOWLEDGEMENT                              PAGE NO:         1,02/20/25,INTRAREGIONAL,060001,002/250219/00000008376/00000,00000008376,PURCHASE   ORIG 61,1.0,202.08,CR,4.12,
12,DMC                          CLEARING CYCLE 004 - ACKNOWLEDGEMENT                              PAGE NO:         1,02/20/25,INTRAREGIONAL,060001,002/250219/00000008376/00000,00000008376,FIRST PRES.  TOTAL                    2,279.0,28468.41,CR,441.24,
12,DMC                          CLEARING CYCLE 004 - ACKNOWLEDGEMENT                              PAGE NO:         1,02/20/25,INTRAREGIONAL,060001,002/250219/00000008376/00000,00000008376,BUSINESS SERVICE ID SUBTOTAL          2,279.0,28468.41,CR,441.24,
14,DMC                          CLEARING CYCLE 004 - ACKNOWLEDGEMENT                              PAGE NO:         1,02/20/25,INTRACOUNTRY,404001,002/250219/00000008376/00000,00000008376,FIRST PRES.  PURCHASE   ORIG L5       9,901.0,550106.2,CR,2765.18,
14,DMC                          CLEARING CYCLE 004 - ACKNOWLEDGEMENT                              PAGE NO:         1,02/20/25,INTRACOUNTRY,404001,002/250219/00000008376/00000,00000008376,PURCHASE   ORIG PE       8,805.0,5495883.64,CR,27175.87,
14,DMC                          CLEARING CYCLE 004 - ACKNOWLEDGEMENT                              PAGE NO:         1,02/20/25,INTRACOUNTRY,404001,002/250219/00000008376/00000,00000008376,PURCHASE   ORIG PF,16.0,118757.28,CR,588.92,
14,DMC                          CLEARING CYCLE 004 - ACKNOWLEDGEMENT                              PAGE NO:         1,02/20/25,INTRACOUNTRY,404001,002/250219/00000008376/00000,00000008376,PURCHASE   ORIG PS,97.0,524410.81,CR,5398.62,
14,DMC                          CLEARING CYCLE 004 - ACKNOWLEDGEMENT                              PAGE NO:         1,02/20/25,INTRACOUNTRY,404001,002/250219/00000008376/00000,00000008376,PURCHASE   ORIG WE       3,312.0,1573669.73,CR,7732.0,
14,DMC                          CLEARING CYCLE 004 - ACKNOWLEDGEMENT                              PAGE NO:         1,02/20/25,INTRACOUNTRY,404001,002/250219/00000008376/00000,00000008376,PURCHASE   ORIG WF,5.0,34676.78,CR,172.27,
14,DMC                          CLEARING CYCLE 004 - ACKNOWLEDGEMENT                              PAGE NO:         1,02/20/25,INTRACOUNTRY,404001,002/250219/00000008376/00000,00000008376,PURCHASE   ORIG WS,37.0,96277.03,CR,926.86,
14,DMC                          CLEARING CYCLE 004 - ACKNOWLEDGEMENT                              PAGE NO:         1,02/20/25,INTRACOUNTRY,404001,002/250219/00000008376/00000,00000008376,PURCHASE   ORIG 75       1,172.0,1146221.2,CR,11190.15,
14,DMC                          CLEARING CYCLE 004 - ACKNOWLEDGEMENT                              PAGE NO:         1,02/20/25,INTRACOUNTRY,404001,002/250219/00000008376/00000,00000008376,PURCHASE   ORIG 79,4.0,20119.89,CR,101.11,
14,DMC                          CLEARING CYCLE 004 - ACKNOWLEDGEMENT                              PAGE NO:         1,02/20/25,INTRACOUNTRY,404001,002/250219/00000008376/00000,00000008376,PURCHASE   RVSL PE,7.0,142285.0,DR,715.0,
14,DMC                          CLEARING CYCLE 004 - ACKNOWLEDGEMENT                              PAGE NO:         1,02/20/25,INTRACOUNTRY,404001,002/250219/00000008376/00000,00000008376,UNIQUE TXN ORIG 75,1.0,39324.0,CR,676.0,
14,DMC                          CLEARING CYCLE 004 - ACKNOWLEDGEMENT                              PAGE NO:         1,02/20/25,INTRACOUNTRY,404001,002/250219/00000008376/00000,00000008376,CREDIT     ORIG L5,18.0,3755.1,DR,18.89,
14,DMC                          CLEARING CYCLE 004 - ACKNOWLEDGEMENT                              PAGE NO:         1,02/20/25,INTRACOUNTRY,404001,002/250219/00000008376/00000,00000008376,CREDIT     ORIG PS,1.0,27544.82,DR,519.18,
14,DMC                          CLEARING CYCLE 004 - ACKNOWLEDGEMENT                              PAGE NO:         1,02/20/25,INTRACOUNTRY,404001,002/250219/00000008376/00000,00000008376,CREDIT     ORIG WS,1.0,297.5,DR,1.5,
14,DMC                          CLEARING CYCLE 004 - ACKNOWLEDGEMENT                              PAGE NO:         1,02/20/25,INTRACOUNTRY,404001,002/250219/00000008376/00000,00000008376,CREDIT     ORIG 75,1.0,3912.34,DR,19.66,
14,DMC                          CLEARING CYCLE 004 - ACKNOWLEDGEMENT                              PAGE NO:         1,02/20/25,INTRACOUNTRY,404001,002/250219/00000008376/00000,00000008376,FIRST PRES.  TOTAL                   23,2378.0,9421651.8,CR,55452.75,
14,DMC                          CLEARING CYCLE 004 - ACKNOWLEDGEMENT                              PAGE NO:         1,02/20/25,INTRACOUNTRY,404001,002/250219/00000008376/00000,00000008376,"BUSINESS SERVICE ID SUBTOTAL        2,3",378.0,9421651.8,CR,55452.75,
14,DMC                          CLEARING CYCLE 004 - ACKNOWLEDGEMENT                              PAGE NO:         1,02/20/25,INTRACOUNTRY,404001,002/250219/00000008376/00000,00000008376,FIRST PRES.  PURCHASE   ORIG L5,1.0,3.98,CR,0.02,
14,DMC                          CLEARING CYCLE 004 - ACKNOWLEDGEMENT                              PAGE NO:         1,02/20/25,INTRACOUNTRY,404001,002/250219/00000008376/00000,00000008376,PURCHASE   ORIG PE,4.0,520.44,CR,2.5,
14,DMC                          CLEARING CYCLE 004 - ACKNOWLEDGEMENT                              PAGE NO:         1,02/20/25,INTRACOUNTRY,404001,002/250219/00000008376/00000,00000008376,PURCHASE   ORIG PF,19.0,5037.37,CR,24.13,
16,DMC                          CLEARING CYCLE 004 - ACKNOWLEDGEMENT                              PAGE NO:         2,02/20/25,INTRACOUNTRY,404001,002/250219/00000008376/00000,00000008376,PURCHASE   ORIG PS,2.0,84.41,CR,1.59,
16,DMC                          CLEARING CYCLE 004 - ACKNOWLEDGEMENT                              PAGE NO:         2,02/20/25,INTRACOUNTRY,404001,002/250219/00000008376/00000,00000008376,FIRST PRES.  TOTAL,26.0,5646.2,CR,28.24,
16,DMC                          CLEARING CYCLE 004 - ACKNOWLEDGEMENT                              PAGE NO:         2,02/20/25,INTRACOUNTRY,404001,002/250219/00000008376/00000,00000008376,BUSINESS SERVICE ID SUBTOTAL,26.0,5646.2,CR,28.24,
18,DMC                          CLEARING CYCLE 004 - ACKNOWLEDGEMENT                              PAGE NO:         1,02/20/25,INTRACOUNTRY,404001,906/250220/00000019066/00614,00000008376,SEC. PRES.-F PURCHASE   ORIG PF,1.0,101.7,CR,0.46,
18,DMC                          CLEARING CYCLE 004 - ACKNOWLEDGEMENT                              PAGE NO:         1,02/20/25,INTRACOUNTRY,404001,906/250220/00000019066/00614,00000008376,SEC. PRES.-F TOTAL,1.0,101.7,CR,0.46,
18,DMC                          CLEARING CYCLE 004 - ACKNOWLEDGEMENT                              PAGE NO:         1,02/20/25,INTRACOUNTRY,404001,906/250220/00000019066/00614,00000008376,BUSINESS SERVICE ID SUBTOTAL,1.0,101.7,CR,0.46,
20,MCC                          CLEARING CYCLE 004 - ACKNOWLEDGEMENT                              PAGE NO:         1,02/20/25,INTERREGIONAL,060101,002/250219/00000008376/00000,00000008376,FIRST PRES.  PURCHASE   ORIG IP,27.0,1836.5,CR,37.49,
20,MCC                          CLEARING CYCLE 004 - ACKNOWLEDGEMENT                              PAGE NO:         1,02/20/25,INTERREGIONAL,060101,002/250219/00000008376/00000,00000008376,PURCHASE   ORIG YA,25.0,40585.21,CR,797.96,
20,MCC                          CLEARING CYCLE 004 - ACKNOWLEDGEMENT                              PAGE NO:         1,02/20/25,INTERREGIONAL,060101,002/250219/00000008376/00000,00000008376,PURCHASE   ORIG YB,28.0,6747.95,CR,129.46,
20,MCC                          CLEARING CYCLE 004 - ACKNOWLEDGEMENT                              PAGE NO:         1,02/20/25,INTERREGIONAL,060101,002/250219/00000008376/00000,00000008376,PURCHASE   ORIG YC,38.0,21575.89,CR,435.85,
20,MCC                          CLEARING CYCLE 004 - ACKNOWLEDGEMENT                              PAGE NO:         1,02/20/25,INTERREGIONAL,060101,002/250219/00000008376/00000,00000008376,PURCHASE   ORIG YD,56.0,4694.1,CR,79.21,
20,MCC                          CLEARING CYCLE 004 - ACKNOWLEDGEMENT                              PAGE NO:         1,02/20/25,INTERREGIONAL,060101,002/250219/00000008376/00000,00000008376,PURCHASE   ORIG YE       1,176.0,8640.79,CR,166.22,
20,MCC                          CLEARING CYCLE 004 - ACKNOWLEDGEMENT                              PAGE NO:         1,02/20/25,INTERREGIONAL,060101,002/250219/00000008376/00000,00000008376,PURCHASE   ORIG YF       2,298.0,18577.5,CR,375.26,
20,MCC                          CLEARING CYCLE 004 - ACKNOWLEDGEMENT                              PAGE NO:         1,02/20/25,INTERREGIONAL,060101,002/250219/00000008376/00000,00000008376,PURCHASE   ORIG YG,1.0,29.44,CR,0.56,
20,MCC                          CLEARING CYCLE 004 - ACKNOWLEDGEMENT                              PAGE NO:         1,02/20/25,INTERREGIONAL,060101,002/250219/00000008376/00000,00000008376,PURCHASE   ORIG YI,3.0,217.61,CR,4.39,
20,MCC                          CLEARING CYCLE 004 - ACKNOWLEDGEMENT                              PAGE NO:         1,02/20/25,INTERREGIONAL,060101,002/250219/00000008376/00000,00000008376,PURCHASE   ORIG 61,58.0,23703.01,CR,483.76,
20,MCC                          CLEARING CYCLE 004 - ACKNOWLEDGEMENT                              PAGE NO:         1,02/20/25,INTERREGIONAL,060101,002/250219/00000008376/00000,00000008376,PURCHASE   ORIG 63       1,111.0,45593.69,CR,930.46,
20,MCC                          CLEARING CYCLE 004 - ACKNOWLEDGEMENT                              PAGE NO:         1,02/20/25,INTERREGIONAL,060101,002/250219/00000008376/00000,00000008376,PURCHASE   RVSL IP,1.0,22.75,DR,0.46,
20,MCC                          CLEARING CYCLE 004 - ACKNOWLEDGEMENT                              PAGE NO:         1,02/20/25,INTERREGIONAL,060101,002/250219/00000008376/00000,00000008376,PURCHASE   RVSL YF,1.0,24.27,DR,0.49,
20,MCC                          CLEARING CYCLE 004 - ACKNOWLEDGEMENT                              PAGE NO:         1,02/20/25,INTERREGIONAL,060101,002/250219/00000008376/00000,00000008376,CREDIT     ORIG YI,4.0,1209.74,DR,12.21,
20,MCC                          CLEARING CYCLE 004 - ACKNOWLEDGEMENT                              PAGE NO:         1,02/20/25,INTERREGIONAL,060101,002/250219/00000008376/00000,00000008376,CREDIT     ORIG 61,6.0,8879.16,DR,162.75,
20,MCC                          CLEARING CYCLE 004 - ACKNOWLEDGEMENT                              PAGE NO:         1,02/20/25,INTERREGIONAL,060101,002/250219/00000008376/00000,00000008376,FIRST PRES.  TOTAL                    8,833.0,162065.77,CR,3264.71,
20,MCC                          CLEARING CYCLE 004 - ACKNOWLEDGEMENT                              PAGE NO:         1,02/20/25,INTERREGIONAL,060101,002/250219/00000008376/00000,00000008376,BUSINESS SERVICE ID SUBTOTAL          8,833.0,162065.77,CR,3264.71,
22,MCC                          CLEARING CYCLE 004 - ACKNOWLEDGEMENT                              PAGE NO:         1,02/20/25,INTERREGIONAL,060101,906/250220/00000019066/00614,00000008376,SEC. PRES.-F PURCHASE   ORIG YC,1.0,219.13,CR,4.43,
22,MCC                          CLEARING CYCLE 004 - ACKNOWLEDGEMENT                              PAGE NO:         1,02/20/25,INTERREGIONAL,060101,906/250220/00000019066/00614,00000008376,SEC. PRES.-F TOTAL,1.0,219.13,CR,4.43,
22,MCC                          CLEARING CYCLE 004 - ACKNOWLEDGEMENT                              PAGE NO:         1,02/20/25,INTERREGIONAL,060101,906/250220/00000019066/00614,00000008376,BUSINESS SERVICE ID SUBTOTAL,1.0,219.13,CR,4.43,
24,MCC                          CLEARING CYCLE 004 - ACKNOWLEDGEMENT                              PAGE NO:         1,02/20/25,INTERREGIONAL,060201,002/250219/00000008376/00000,00000008376,FIRST PRES.  PURCHASE   ORIG YA,10.0,2749.04,CR,44.71,
24,MCC                          CLEARING CYCLE 004 - ACKNOWLEDGEMENT                              PAGE NO:         1,02/20/25,INTERREGIONAL,060201,002/250219/00000008376/00000,00000008376,PURCHASE   ORIG YB,13.0,2714.08,CR,51.15,
24,MCC                          CLEARING CYCLE 004 - ACKNOWLEDGEMENT                              PAGE NO:         1,02/20/25,INTERREGIONAL,060201,002/250219/00000008376/00000,00000008376,PURCHASE   ORIG YD,46.0,5226.82,CR,58.12,
24,MCC                          CLEARING CYCLE 004 - ACKNOWLEDGEMENT                              PAGE NO:         1,02/20/25,INTERREGIONAL,060201,002/250219/00000008376/00000,00000008376,PURCHASE   ORIG YE,62.0,10666.63,CR,201.04,
24,MCC                          CLEARING CYCLE 004 - ACKNOWLEDGEMENT                              PAGE NO:         1,02/20/25,INTERREGIONAL,060201,002/250219/00000008376/00000,00000008376,PURCHASE   ORIG YG,1.0,31.49,CR,0.51,
24,MCC                          CLEARING CYCLE 004 - ACKNOWLEDGEMENT                              PAGE NO:         1,02/20/25,INTERREGIONAL,060201,002/250219/00000008376/00000,00000008376,PURCHASE   ORIG 61,2.0,120.07,CR,2.45,
24,MCC                          CLEARING CYCLE 004 - ACKNOWLEDGEMENT                              PAGE NO:         1,02/20/25,INTERREGIONAL,060201,002/250219/00000008376/00000,00000008376,PURCHASE   ORIG 63,20.0,5075.03,CR,103.58,
24,MCC                          CLEARING CYCLE 004 - ACKNOWLEDGEMENT                              PAGE NO:         1,02/20/25,INTERREGIONAL,060201,002/250219/00000008376/00000,00000008376,FIRST PRES.  TOTAL                    1,154.0,26583.16,CR,461.56,
24,MCC                          CLEARING CYCLE 004 - ACKNOWLEDGEMENT                              PAGE NO:         1,02/20/25,INTERREGIONAL,060201,002/250219/00000008376/00000,00000008376,BUSINESS SERVICE ID SUBTOTAL          1,154.0,26583.16,CR,461.56,
26,MCC                          CLEARING CYCLE 004 - ACKNOWLEDGEMENT                              PAGE NO:         1,02/20/25,INTERREGIONAL,060301,002/250219/00000008376/00000,00000008376,FIRST PRES.  PURCHASE   ORIG YB,6.0,7790.07,CR,146.83,
26,MCC                          CLEARING CYCLE 004 - ACKNOWLEDGEMENT                              PAGE NO:         1,02/20/25,INTERREGIONAL,060301,002/250219/00000008376/00000,00000008376,PURCHASE   ORIG YD,14.0,475.44,CR,5.3,
26,MCC                          CLEARING CYCLE 004 - ACKNOWLEDGEMENT                              PAGE NO:         1,02/20/25,INTERREGIONAL,060301,002/250219/00000008376/00000,00000008376,PURCHASE   ORIG YE,4.0,88.36,CR,1.66,
26,MCC                          CLEARING CYCLE 004 - ACKNOWLEDGEMENT                              PAGE NO:         1,02/20/25,INTERREGIONAL,060301,002/250219/00000008376/00000,00000008376,PURCHASE   ORIG YF,10.0,560.3,CR,11.32,
26,MCC                          CLEARING CYCLE 004 - ACKNOWLEDGEMENT                              PAGE NO:         1,02/20/25,INTERREGIONAL,060301,002/250219/00000008376/00000,00000008376,PURCHASE   ORIG 61,1.0,705.6,CR,14.4,
26,MCC                          CLEARING CYCLE 004 - ACKNOWLEDGEMENT                              PAGE NO:         1,02/20/25,INTERREGIONAL,060301,002/250219/00000008376/00000,00000008376,CREDIT     ORIG YH,1.0,603.9,DR,6.1,
26,MCC                          CLEARING CYCLE 004 - ACKNOWLEDGEMENT                              PAGE NO:         1,02/20/25,INTERREGIONAL,060301,002/250219/00000008376/00000,00000008376,FIRST PRES.  TOTAL,36.0,9015.87,CR,173.41,
26,MCC                          CLEARING CYCLE 004 - ACKNOWLEDGEMENT                              PAGE NO:         1,02/20/25,INTERREGIONAL,060301,002/250219/00000008376/00000,00000008376,BUSINESS SERVICE ID SUBTOTAL,36.0,9015.87,CR,173.41,
28,MCC                          CLEARING CYCLE 004 - ACKNOWLEDGEMENT                              PAGE NO:         1,02/20/25,INTERREGIONAL,060401,002/250219/00000008376/00000,00000008376,FIRST PRES.  PURCHASE   ORIG IP,5.0,180.58,CR,3.68,
28,MCC                          CLEARING CYCLE 004 - ACKNOWLEDGEMENT                              PAGE NO:         1,02/20/25,INTERREGIONAL,060401,002/250219/00000008376/00000,00000008376,PURCHASE   ORIG YA,7.0,1837.04,CR,29.86,
28,MCC                          CLEARING CYCLE 004 - ACKNOWLEDGEMENT                              PAGE NO:         1,02/20/25,INTERREGIONAL,060401,002/250219/00000008376/00000,00000008376,PURCHASE   ORIG YB,15.0,1771.77,CR,33.4,
28,MCC                          CLEARING CYCLE 004 - ACKNOWLEDGEMENT                              PAGE NO:         1,02/20/25,INTERREGIONAL,060401,002/250219/00000008376/00000,00000008376,PURCHASE   ORIG YC,32.0,15022.43,CR,303.48,
28,MCC                          CLEARING CYCLE 004 - ACKNOWLEDGEMENT                              PAGE NO:         1,02/20/25,INTERREGIONAL,060401,002/250219/00000008376/00000,00000008376,PURCHASE   ORIG YD,29.0,3507.03,CR,39.02,
28,MCC                          CLEARING CYCLE 004 - ACKNOWLEDGEMENT                              PAGE NO:         1,02/20/25,INTERREGIONAL,060401,002/250219/00000008376/00000,00000008376,PURCHASE   ORIG YE,54.0,5924.22,CR,111.66,
28,MCC                          CLEARING CYCLE 004 - ACKNOWLEDGEMENT                              PAGE NO:         1,02/20/25,INTERREGIONAL,060401,002/250219/00000008376/00000,00000008376,PURCHASE   ORIG YF,60.0,6585.86,CR,133.03,
28,MCC                          CLEARING CYCLE 004 - ACKNOWLEDGEMENT                              PAGE NO:         1,02/20/25,INTERREGIONAL,060401,002/250219/00000008376/00000,00000008376,PURCHASE   ORIG YG,1.0,34.44,CR,0.56,
28,MCC                          CLEARING CYCLE 004 - ACKNOWLEDGEMENT                              PAGE NO:         1,02/20/25,INTERREGIONAL,060401,002/250219/00000008376/00000,00000008376,PURCHASE   ORIG 61,31.0,3437.4,CR,70.14,
28,MCC                          CLEARING CYCLE 004 - ACKNOWLEDGEMENT                              PAGE NO:         1,02/20/25,INTERREGIONAL,060401,002/250219/00000008376/00000,00000008376,PURCHASE   ORIG 63,2.0,289.83,CR,5.91,
28,MCC                          CLEARING CYCLE 004 - ACKNOWLEDGEMENT                              PAGE NO:         1,02/20/25,INTERREGIONAL,060401,002/250219/00000008376/00000,00000008376,FIRST PRES.  TOTAL                    2,236.0,38590.6,CR,730.74,
28,MCC                          CLEARING CYCLE 004 - ACKNOWLEDGEMENT                              PAGE NO:         1,02/20/25,INTERREGIONAL,060401,002/250219/00000008376/00000,00000008376,BUSINESS SERVICE ID SUBTOTAL          2,236.0,38590.6,CR,730.74,
30,MCC                          CLEARING CYCLE 004 - ACKNOWLEDGEMENT                              PAGE NO:         1,02/20/25,INTERREGIONAL,060501,002/250219/00000008376/00000,00000008376,FIRST PRES.  PURCHASE   ORIG YA,73.0,16207.96,CR,263.59,
30,MCC                          CLEARING CYCLE 004 - ACKNOWLEDGEMENT                              PAGE NO:         1,02/20/25,INTERREGIONAL,060501,002/250219/00000008376/00000,00000008376,PURCHASE   ORIG YB,28.0,4296.07,CR,80.95,
30,MCC                          CLEARING CYCLE 004 - ACKNOWLEDGEMENT                              PAGE NO:         1,02/20/25,INTERREGIONAL,060501,002/250219/00000008376/00000,00000008376,PURCHASE   ORIG YC,33.0,9054.49,CR,182.9,
30,MCC                          CLEARING CYCLE 004 - ACKNOWLEDGEMENT                              PAGE NO:         1,02/20/25,INTERREGIONAL,060501,002/250219/00000008376/00000,00000008376,PURCHASE   ORIG YD       9,907.0,63165.75,CR,703.45,
30,MCC                          CLEARING CYCLE 004 - ACKNOWLEDGEMENT                              PAGE NO:         1,02/20/25,INTERREGIONAL,060501,002/250219/00000008376/00000,00000008376,PURCHASE   ORIG YE       1,186.0,12519.8,CR,235.98,
30,MCC                          CLEARING CYCLE 004 - ACKNOWLEDGEMENT                              PAGE NO:         1,02/20/25,INTERREGIONAL,060501,002/250219/00000008376/00000,00000008376,PURCHASE   ORIG YF       3,313.0,25656.38,CR,518.28,
30,MCC                          CLEARING CYCLE 004 - ACKNOWLEDGEMENT                              PAGE NO:         1,02/20/25,INTERREGIONAL,060501,002/250219/00000008376/00000,00000008376,PURCHASE   ORIG YG,15.0,1251.31,CR,20.34,
30,MCC                          CLEARING CYCLE 004 - ACKNOWLEDGEMENT                              PAGE NO:         1,02/20/25,INTERREGIONAL,060501,002/250219/00000008376/00000,00000008376,PURCHASE   ORIG YH,2.0,15.7,CR,0.3,
30,MCC                          CLEARING CYCLE 004 - ACKNOWLEDGEMENT                              PAGE NO:         1,02/20/25,INTERREGIONAL,060501,002/250219/00000008376/00000,00000008376,PURCHASE   ORIG YI,3.0,849.83,CR,17.17,
30,MCC                          CLEARING CYCLE 004 - ACKNOWLEDGEMENT                              PAGE NO:         1,02/20/25,INTERREGIONAL,060501,002/250219/00000008376/00000,00000008376,PURCHASE   ORIG 61       1,179.0,23065.05,CR,470.68,
30,MCC                          CLEARING CYCLE 004 - ACKNOWLEDGEMENT                              PAGE NO:         1,02/20/25,INTERREGIONAL,060501,002/250219/00000008376/00000,00000008376,PURCHASE   ORIG 63,26.0,5638.05,CR,115.05,
30,MCC                          CLEARING CYCLE 004 - ACKNOWLEDGEMENT                              PAGE NO:         1,02/20/25,INTERREGIONAL,060501,002/250219/00000008376/00000,00000008376,CREDIT     ORIG YG,3.0,6.3,DR,0.06,
30,MCC                          CLEARING CYCLE 004 - ACKNOWLEDGEMENT                              PAGE NO:         1,02/20/25,INTERREGIONAL,060501,002/250219/00000008376/00000,00000008376,CREDIT     ORIG YI,3.0,58.64,DR,0.59,
30,MCC                          CLEARING CYCLE 004 - ACKNOWLEDGEMENT                              PAGE NO:         1,02/20/25,INTERREGIONAL,060501,002/250219/00000008376/00000,00000008376,FIRST PRES.  TOTAL                   17,1771.0,161655.45,CR,2608.04,
30,MCC                          CLEARING CYCLE 004 - ACKNOWLEDGEMENT                              PAGE NO:         1,02/20/25,INTERREGIONAL,060501,002/250219/00000008376/00000,00000008376,"BUSINESS SERVICE ID SUBTOTAL        1,7",771.0,161655.45,CR,2608.04,
32,MCC                          CLEARING CYCLE 004 - ACKNOWLEDGEMENT                              PAGE NO:         1,02/20/25,INTERREGIONAL,060501,906/250220/00000019066/00614,00000008376,SEC. PRES.-F PURCHASE   ORIG YB,1.0,316.0,CR,5.96,
32,MCC                          CLEARING CYCLE 004 - ACKNOWLEDGEMENT                              PAGE NO:         1,02/20/25,INTERREGIONAL,060501,906/250220/00000019066/00614,00000008376,SEC. PRES.-F TOTAL,1.0,316.0,CR,5.96,
32,MCC                          CLEARING CYCLE 004 - ACKNOWLEDGEMENT                              PAGE NO:         1,02/20/25,INTERREGIONAL,060501,906/250220/00000019066/00614,00000008376,BUSINESS SERVICE ID SUBTOTAL,1.0,316.0,CR,5.96,
34,MCC                          CLEARING CYCLE 004 - ACKNOWLEDGEMENT                              PAGE NO:         1,02/20/25,INTRAREGIONAL,060001,002/250219/00000008376/00000,00000008376,FIRST PRES.  PURCHASE   ORIG YA,2.0,132.01,CR,2.47,
34,MCC                          CLEARING CYCLE 004 - ACKNOWLEDGEMENT                              PAGE NO:         1,02/20/25,INTRAREGIONAL,060001,002/250219/00000008376/00000,00000008376,PURCHASE   ORIG YC,4.0,331.1,CR,7.28,
34,MCC                          CLEARING CYCLE 004 - ACKNOWLEDGEMENT                              PAGE NO:         1,02/20/25,INTRAREGIONAL,060001,002/250219/00000008376/00000,00000008376,PURCHASE   ORIG YD,25.0,1335.89,CR,16.43,
34,MCC                          CLEARING CYCLE 004 - ACKNOWLEDGEMENT                              PAGE NO:         1,02/20/25,INTRAREGIONAL,060001,002/250219/00000008376/00000,00000008376,PURCHASE   ORIG YE,19.0,1709.49,CR,31.33,
34,MCC                          CLEARING CYCLE 004 - ACKNOWLEDGEMENT                              PAGE NO:         1,02/20/25,INTRAREGIONAL,060001,002/250219/00000008376/00000,00000008376,PURCHASE   ORIG YF,28.0,1169.7,CR,24.49,
34,MCC                          CLEARING CYCLE 004 - ACKNOWLEDGEMENT                              PAGE NO:         1,02/20/25,INTRAREGIONAL,060001,002/250219/00000008376/00000,00000008376,PURCHASE   ORIG YJ,3.0,825.88,CR,16.44,
34,MCC                          CLEARING CYCLE 004 - ACKNOWLEDGEMENT                              PAGE NO:         1,02/20/25,INTRAREGIONAL,060001,002/250219/00000008376/00000,00000008376,PURCHASE   ORIG YK,7.0,1405.45,CR,28.69,
34,MCC                          CLEARING CYCLE 004 - ACKNOWLEDGEMENT                              PAGE NO:         1,02/20/25,INTRAREGIONAL,060001,002/250219/00000008376/00000,00000008376,PURCHASE   ORIG YL,4.0,4058.75,CR,91.3,
34,MCC                          CLEARING CYCLE 004 - ACKNOWLEDGEMENT                              PAGE NO:         1,02/20/25,INTRAREGIONAL,060001,002/250219/00000008376/00000,00000008376,PURCHASE   ORIG YM,9.0,1589.64,CR,33.91,
34,MCC                          CLEARING CYCLE 004 - ACKNOWLEDGEMENT                              PAGE NO:         1,02/20/25,INTRAREGIONAL,060001,002/250219/00000008376/00000,00000008376,PURCHASE   ORIG YQ,56.0,1459.13,CR,28.3,
34,MCC                          CLEARING CYCLE 004 - ACKNOWLEDGEMENT                              PAGE NO:         1,02/20/25,INTRAREGIONAL,060001,002/250219/00000008376/00000,00000008376,PURCHASE   ORIG YS,32.0,1873.16,CR,40.2,
34,MCC                          CLEARING CYCLE 004 - ACKNOWLEDGEMENT                              PAGE NO:         1,02/20/25,INTRAREGIONAL,060001,002/250219/00000008376/00000,00000008376,PURCHASE   ORIG YW,1.0,616.14,CR,13.86,
34,MCC                          CLEARING CYCLE 004 - ACKNOWLEDGEMENT                              PAGE NO:         1,02/20/25,INTRAREGIONAL,060001,002/250219/00000008376/00000,00000008376,PURCHASE   ORIG 61,33.0,8262.93,CR,168.65,
34,MCC                          CLEARING CYCLE 004 - ACKNOWLEDGEMENT                              PAGE NO:         1,02/20/25,INTRAREGIONAL,060001,002/250219/00000008376/00000,00000008376,FIRST PRES.  TOTAL                    2,223.0,24769.27,CR,503.35,
34,MCC                          CLEARING CYCLE 004 - ACKNOWLEDGEMENT                              PAGE NO:         1,02/20/25,INTRAREGIONAL,060001,002/250219/00000008376/00000,00000008376,BUSINESS SERVICE ID SUBTOTAL          2,223.0,24769.27,CR,503.35,
36,MCC                          CLEARING CYCLE 004 - ACKNOWLEDGEMENT                              PAGE NO:         1,02/20/25,INTRACOUNTRY,404001,002/250219/00000008376/00000,00000008376,FIRST PRES.  PURCHASE   ORIG EE,47.0,366343.24,CR,4429.76,
36,MCC                          CLEARING CYCLE 004 - ACKNOWLEDGEMENT                              PAGE NO:         1,02/20/25,INTRACOUNTRY,404001,002/250219/00000008376/00000,00000008376,PURCHASE   ORIG ES,4.0,16066.51,CR,96.98,
36,MCC                          CLEARING CYCLE 004 - ACKNOWLEDGEMENT                              PAGE NO:         1,02/20/25,INTRACOUNTRY,404001,002/250219/00000008376/00000,00000008376,PURCHASE   ORIG L5       1,162.0,92850.96,CR,466.82,
36,MCC                          CLEARING CYCLE 004 - ACKNOWLEDGEMENT                              PAGE NO:         1,02/20/25,INTRACOUNTRY,404001,002/250219/00000008376/00000,00000008376,PURCHASE   ORIG PE,68.0,521764.43,CR,4587.9,
36,MCC                          CLEARING CYCLE 004 - ACKNOWLEDGEMENT                              PAGE NO:         1,02/20/25,INTRACOUNTRY,404001,002/250219/00000008376/00000,00000008376,PURCHASE   ORIG PS,5.0,18393.58,CR,111.02,
36,MCC                          CLEARING CYCLE 004 - ACKNOWLEDGEMENT                              PAGE NO:         1,02/20/25,INTRACOUNTRY,404001,002/250219/00000008376/00000,00000008376,PURCHASE   ORIG WE       2,243.0,1283113.18,CR,12156.89,
36,MCC                          CLEARING CYCLE 004 - ACKNOWLEDGEMENT                              PAGE NO:         1,02/20/25,INTRACOUNTRY,404001,002/250219/00000008376/00000,00000008376,PURCHASE   ORIG WF,8.0,72384.09,CR,1420.16,
36,MCC                          CLEARING CYCLE 004 - ACKNOWLEDGEMENT                              PAGE NO:         1,02/20/25,INTRACOUNTRY,404001,002/250219/00000008376/00000,00000008376,PURCHASE   ORIG WS,25.0,89075.37,CR,819.09,
36,MCC                          CLEARING CYCLE 004 - ACKNOWLEDGEMENT                              PAGE NO:         1,02/20/25,INTRACOUNTRY,404001,002/250219/00000008376/00000,00000008376,PURCHASE   ORIG 61,33.0,68736.58,CR,1019.37,
36,MCC                          CLEARING CYCLE 004 - ACKNOWLEDGEMENT                              PAGE NO:         1,02/20/25,INTRACOUNTRY,404001,002/250219/00000008376/00000,00000008376,PURCHASE   ORIG 75       1,162.0,885582.08,CR,11386.28,
36,MCC                          CLEARING CYCLE 004 - ACKNOWLEDGEMENT                              PAGE NO:         1,02/20/25,INTRACOUNTRY,404001,002/250219/00000008376/00000,00000008376,PURCHASE   ORIG 79,6.0,30961.52,CR,394.06,
36,MCC                          CLEARING CYCLE 004 - ACKNOWLEDGEMENT                              PAGE NO:         1,02/20/25,INTRACOUNTRY,404001,002/250219/00000008376/00000,00000008376,PURCHASE   RVSL WE,1.0,9798.0,DR,202.0,
36,MCC                          CLEARING CYCLE 004 - ACKNOWLEDGEMENT                              PAGE NO:         1,02/20/25,INTRACOUNTRY,404001,002/250219/00000008376/00000,00000008376,UNIQUE TXN ORIG WE,2.0,19596.0,CR,404.0,
36,MCC                          CLEARING CYCLE 004 - ACKNOWLEDGEMENT                              PAGE NO:         1,02/20/25,INTRACOUNTRY,404001,002/250219/00000008376/00000,00000008376,CREDIT     ORIG L5,6.0,1784.02,DR,8.96,
36,MCC                          CLEARING CYCLE 004 - ACKNOWLEDGEMENT                              PAGE NO:         1,02/20/25,INTRACOUNTRY,404001,002/250219/00000008376/00000,00000008376,CREDIT     ORIG WS,4.0,93.32,DR,0.57,
36,MCC                          CLEARING CYCLE 004 - ACKNOWLEDGEMENT                              PAGE NO:         1,02/20/25,INTRACOUNTRY,404001,002/250219/00000008376/00000,00000008376,FIRST PRES.  TOTAL                    7,776.0,3453192.2,CR,37080.8,
36,MCC                          CLEARING CYCLE 004 - ACKNOWLEDGEMENT                              PAGE NO:         1,02/20/25,INTRACOUNTRY,404001,002/250219/00000008376/00000,00000008376,BUSINESS SERVICE ID SUBTOTAL          7,776.0,3453192.2,CR,37080.8,
36,MCC                          CLEARING CYCLE 004 - ACKNOWLEDGEMENT                              PAGE NO:         1,02/20/25,INTRACOUNTRY,404001,002/250219/00000008376/00000,00000008376,FIRST PRES.  PURCHASE   ORIG L5,4.0,23.61,CR,0.12,
36,MCC                          CLEARING CYCLE 004 - ACKNOWLEDGEMENT                              PAGE NO:         1,02/20/25,INTRACOUNTRY,404001,002/250219/00000008376/00000,00000008376,PURCHASE   ORIG PS,1.0,60.85,CR,1.15,
36,MCC                          CLEARING CYCLE 004 - ACKNOWLEDGEMENT                              PAGE NO:         1,02/20/25,INTRACOUNTRY,404001,002/250219/00000008376/00000,00000008376,PURCHASE   ORIG TE,9.0,822.04,CR,7.61,
38,MCC                          CLEARING CYCLE 004 - ACKNOWLEDGEMENT                              PAGE NO:         2,02/20/25,INTRACOUNTRY,404001,002/250219/00000008376/00000,00000008376,PURCHASE   ORIG WF,2.0,296.14,CR,4.1,
38,MCC                          CLEARING CYCLE 004 - ACKNOWLEDGEMENT                              PAGE NO:         2,02/20/25,INTRACOUNTRY,404001,002/250219/00000008376/00000,00000008376,PURCHASE   ORIG 61,9.0,506.88,CR,10.34,
38,MCC                          CLEARING CYCLE 004 - ACKNOWLEDGEMENT                              PAGE NO:         2,02/20/25,INTRACOUNTRY,404001,002/250219/00000008376/00000,00000008376,PURCHASE   ORIG 75,3.0,105.44,CR,1.81,
38,MCC                          CLEARING CYCLE 004 - ACKNOWLEDGEMENT                              PAGE NO:         2,02/20/25,INTRACOUNTRY,404001,002/250219/00000008376/00000,00000008376,FIRST PRES.  TOTAL,28.0,1814.96,CR,25.13,
38,MCC                          CLEARING CYCLE 004 - ACKNOWLEDGEMENT                              PAGE NO:         2,02/20/25,INTRACOUNTRY,404001,002/250219/00000008376/00000,00000008376,BUSINESS SERVICE ID SUBTOTAL,28.0,1814.96,CR,25.13,
40,MCC                          CLEARING CYCLE 004 - ACKNOWLEDGEMENT                              PAGE NO:         1,02/20/25,MBR-TO-MBR,000900,002/250219/00000008376/00000,00000008376,FIRST PRES.  PURCHASE   ORIG BB       4,481.0,199060.61,CR,4062.57,
40,MCC                          CLEARING CYCLE 004 - ACKNOWLEDGEMENT                              PAGE NO:         1,02/20/25,MBR-TO-MBR,000900,002/250219/00000008376/00000,00000008376,CREDIT     ORIG BB,9.0,3908.79,DR,79.77,
40,MCC                          CLEARING CYCLE 004 - ACKNOWLEDGEMENT                              PAGE NO:         1,02/20/25,MBR-TO-MBR,000900,002/250219/00000008376/00000,00000008376,FIRST PRES.  TOTAL                    4,490.0,195151.82,CR,3982.8,
40,MCC                          CLEARING CYCLE 004 - ACKNOWLEDGEMENT                              PAGE NO:         1,02/20/25,MBR-TO-MBR,000900,002/250219/00000008376/00000,00000008376,BUSINESS SERVICE ID SUBTOTAL          4,490.0,195151.82,CR,3982.8,
42,,02/20/25,,,,00000008376,060101   002/250219/00000008376/00000 O,,13990.98,CR,194.89,DR
42,,02/20/25,,,,00000008376,060201   002/250219/00000008376/00000 O,,1620.86,CR,26.12,DR
42,,02/20/25,,,,00000008376,060301   002/250219/00000008376/00000 O,,505.95,CR,7.5,DR
42,,02/20/25,,,,00000008376,060401   002/250219/00000008376/00000 O,,5968.38,CR,96.92,DR
42,,02/20/25,,,,00000008376,060501   002/250219/00000008376/00000 O,,101372.24,CR,1770.99,DR
42,,02/20/25,,,,00000008376,060501   002/250219/00000008376/00000 R,,71.4,DR,1.35,CR
42,,02/20/25,,,,00000008376,GRAND TOTAL,,123387.01,CR,2095.07,DR
42,,02/20/25,,,,00000008376,060101   002/250219/00000008376/00000 O,,162112.79,CR,3265.66,DR
42,,02/20/25,,,,00000008376,060101   002/250219/00000008376/00000 R,,47.02,DR,0.95,CR
42,,02/20/25,,,,00000008376,060201   002/250219/00000008376/00000 O,,26583.16,CR,461.56,DR
42,,02/20/25,,,,00000008376,060301   002/250219/00000008376/00000 O,,9015.87,CR,173.41,DR
42,,02/20/25,,,,00000008376,060401   002/250219/00000008376/00000 O,,38590.6,CR,730.74,DR
42,,02/20/25,,,,00000008376,060501   002/250219/00000008376/00000 O,,161655.45,CR,2608.04,DR
42,,02/20/25,,,,00000008376,GRAND TOTAL,,397910.85,CR,7238.46,DR
44,,02/20/25,,,,00000008376,060001   002/250219/00000008376/00000 O,,28468.41,CR,441.24,DR
44,,02/20/25,,,,00000008376,GRAND TOTAL,,28468.41,CR,441.24,DR
44,,02/20/25,,,,00000008376,060001   002/250219/00000008376/00000 O,,24769.27,CR,503.35,DR
44,,02/20/25,,,,00000008376,GRAND TOTAL,,24769.27,CR,503.35,DR
46,,02/20/25,,,,00000008376,404001   002/250219/00000008376/00000 O,,9563936.8,CR,56167.75,DR
46,,02/20/25,,,,00000008376,404001   002/250219/00000008376/00000 R,,142285.0,DR,715.0,CR
46,,02/20/25,,,,00000008376,GRAND TOTAL,,9421651.8,CR,55452.75,DR
46,,02/20/25,,,,00000008376,404001   002/250219/00000008376/00000 O,,3462990.2,CR,37282.8,DR
46,,02/20/25,,,,00000008376,404001   002/250219/00000008376/00000 R,,9798.0,DR,202.0,CR
46,,02/20/25,,,,00000008376,GRAND TOTAL,,3453192.2,CR,37080.8,DR
46,,02/20/25,,,,00000008376,404001   002/250219/00000008376/00000 O,,5646.2,CR,28.24,DR
46,,02/20/25,,,,00000008376,GRAND TOTAL,,5646.2,CR,28.24,DR
48,,02/20/25,,,,00000008376,404001   002/250219/00000008376/00000 O,,1814.96,CR,25.13,DR
48,,02/20/25,,,,00000008376,GRAND TOTAL,,1814.96,CR,25.13,DR
48,,02/20/25,,,,00000008376,000900   002/250219/00000008376/00000 O,,195151.82,CR,3982.8,DR
48,,02/20/25,,,,00000008376,GRAND TOTAL,,195151.82,CR,3982.8,DR
48,,02/20/25,,,,00000008376,060101   906/250220/00000019066/00614 O,,219.13,CR,4.43,DR
48,,02/20/25,,,,00000008376,060501   906/250220/00000019066/00614 O,,316.0,CR,5.96,DR
48,,02/20/25,,,,00000008376,GRAND TOTAL,,535.13,CR,10.39,DR
50,,02/20/25,,,,00000008376,404001   906/250220/00000019066/00614 O,,101.7,CR,0.46,DR
50,,02/20/25,,,,00000008376,GRAND TOTAL,,101.7,CR,0.46,DR
52,DMC                          CLEARING CYCLE 004 - NOTIFICATION                                 PAGE NO:         1,02/20/25,INTERREGIONAL,010601,001/250220/00000008376/04401,00000008376,FIRST PRES.  PURCHASE   ORIG YA,6.0,18.83,DR,0.31,
52,DMC                          CLEARING CYCLE 004 - NOTIFICATION                                 PAGE NO:         1,02/20/25,INTERREGIONAL,010601,001/250220/00000008376/04401,00000008376,PURCHASE   ORIG YB,2.0,43.66,DR,0.82,
52,DMC                          CLEARING CYCLE 004 - NOTIFICATION                                 PAGE NO:         1,02/20/25,INTERREGIONAL,010601,001/250220/00000008376/04401,00000008376,PURCHASE   ORIG YC,2.0,98.56,DR,2.0,
52,DMC                          CLEARING CYCLE 004 - NOTIFICATION                                 PAGE NO:         1,02/20/25,INTERREGIONAL,010601,001/250220/00000008376/04401,00000008376,PURCHASE   ORIG YG,2.0,2.4,DR,0.04,
52,DMC                          CLEARING CYCLE 004 - NOTIFICATION                                 PAGE NO:         1,02/20/25,INTERREGIONAL,010601,001/250220/00000008376/04401,00000008376,PURCHASE   ORIG YI,1.0,76.46,DR,1.54,
52,DMC                          CLEARING CYCLE 004 - NOTIFICATION                                 PAGE NO:         1,02/20/25,INTERREGIONAL,010601,001/250220/00000008376/04401,00000008376,FIRST PRES.  TOTAL,13.0,239.91,DR,4.71,
52,DMC                          CLEARING CYCLE 004 - NOTIFICATION                                 PAGE NO:         1,02/20/25,INTERREGIONAL,010601,001/250220/00000008376/04401,00000008376,BUSINESS SERVICE ID SUBTOTAL,13.0,239.91,DR,4.71,
54,DMC                          CLEARING CYCLE 004 - NOTIFICATION                                 PAGE NO:         1,02/20/25,INTERREGIONAL,030601,001/250220/00000008376/04401,00000008376,FIRST PRES.  PURCHASE   ORIG YA,1.0,3.89,DR,0.06,
54,DMC                          CLEARING CYCLE 004 - NOTIFICATION                                 PAGE NO:         1,02/20/25,INTERREGIONAL,030601,001/250220/00000008376/04401,00000008376,PURCHASE   ORIG YG,2.0,8.51,DR,0.14,
54,DMC                          CLEARING CYCLE 004 - NOTIFICATION                                 PAGE NO:         1,02/20/25,INTERREGIONAL,030601,001/250220/00000008376/04401,00000008376,FIRST PRES.  TOTAL,3.0,12.4,DR,0.2,
54,DMC                          CLEARING CYCLE 004 - NOTIFICATION                                 PAGE NO:         1,02/20/25,INTERREGIONAL,030601,001/250220/00000008376/04401,00000008376,BUSINESS SERVICE ID SUBTOTAL,3.0,12.4,DR,0.2,
56,DMC                          CLEARING CYCLE 004 - NOTIFICATION                                 PAGE NO:         1,02/20/25,INTERREGIONAL,040601,001/250220/00000008376/04401,00000008376,FIRST PRES.  PURCHASE   ORIG YA,2.0,157.28,DR,2.56,
56,DMC                          CLEARING CYCLE 004 - NOTIFICATION                                 PAGE NO:         1,02/20/25,INTERREGIONAL,040601,001/250220/00000008376/04401,00000008376,PURCHASE   ORIG YC,1.0,4.9,DR,0.1,
56,DMC                          CLEARING CYCLE 004 - NOTIFICATION                                 PAGE NO:         1,02/20/25,INTERREGIONAL,040601,001/250220/00000008376/04401,00000008376,PURCHASE   ORIG YD,1.0,2.47,DR,0.03,
56,DMC                          CLEARING CYCLE 004 - NOTIFICATION                                 PAGE NO:         1,02/20/25,INTERREGIONAL,040601,001/250220/00000008376/04401,00000008376,PURCHASE   ORIG YE,2.0,92.43,DR,1.74,
56,DMC                          CLEARING CYCLE 004 - NOTIFICATION                                 PAGE NO:         1,02/20/25,INTERREGIONAL,040601,001/250220/00000008376/04401,00000008376,PURCHASE   ORIG YG,1.0,15.4,DR,0.25,
56,DMC                          CLEARING CYCLE 004 - NOTIFICATION                                 PAGE NO:         1,02/20/25,INTERREGIONAL,040601,001/250220/00000008376/04401,00000008376,FIRST PRES.  TOTAL,7.0,272.48,DR,4.68,
56,DMC                          CLEARING CYCLE 004 - NOTIFICATION                                 PAGE NO:         1,02/20/25,INTERREGIONAL,040601,001/250220/00000008376/04401,00000008376,BUSINESS SERVICE ID SUBTOTAL,7.0,272.48,DR,4.68,
58,DMC                          CLEARING CYCLE 004 - NOTIFICATION                                 PAGE NO:         1,02/20/25,INTERREGIONAL,050601,001/250220/00000008376/04401,00000008376,FIRST PRES.  PURCHASE   ORIG EB,4.0,56.86,DR,0.1,
58,DMC                          CLEARING CYCLE 004 - NOTIFICATION                                 PAGE NO:         1,02/20/25,INTERREGIONAL,050601,001/250220/00000008376/04401,00000008376,PURCHASE   ORIG EW,22.0,2663.88,DR,30.88,
58,DMC                          CLEARING CYCLE 004 - NOTIFICATION                                 PAGE NO:         1,02/20/25,INTERREGIONAL,050601,001/250220/00000008376/04401,00000008376,PURCHASE   ORIG YA,2.0,66.81,DR,1.09,
58,DMC                          CLEARING CYCLE 004 - NOTIFICATION                                 PAGE NO:         1,02/20/25,INTERREGIONAL,050601,001/250220/00000008376/04401,00000008376,PURCHASE   ORIG YB,1.0,5.88,DR,0.11,
58,DMC                          CLEARING CYCLE 004 - NOTIFICATION                                 PAGE NO:         1,02/20/25,INTERREGIONAL,050601,001/250220/00000008376/04401,00000008376,FIRST PRES.  TOTAL,29.0,2793.43,DR,32.18,
58,DMC                          CLEARING CYCLE 004 - NOTIFICATION                                 PAGE NO:         1,02/20/25,INTERREGIONAL,050601,001/250220/00000008376/04401,00000008376,BUSINESS SERVICE ID SUBTOTAL,29.0,2793.43,DR,32.18,
60,DMC                          CLEARING CYCLE 004 - NOTIFICATION                                 PAGE NO:         1,02/20/25,INTRAREGIONAL,060001,001/250220/00000008376/04401,00000008376,FIRST PRES.  PURCHASE   ORIG YA,10.0,88.95,DR,2.56,
60,DMC                          CLEARING CYCLE 004 - NOTIFICATION                                 PAGE NO:         1,02/20/25,INTRAREGIONAL,060001,001/250220/00000008376/04401,00000008376,PURCHASE   ORIG YD,4.0,37.12,DR,0.42,
60,DMC                          CLEARING CYCLE 004 - NOTIFICATION                                 PAGE NO:         1,02/20/25,INTRAREGIONAL,060001,001/250220/00000008376/04401,00000008376,PURCHASE   ORIG YG,3.0,226.95,DR,4.2,
60,DMC                          CLEARING CYCLE 004 - NOTIFICATION                                 PAGE NO:         1,02/20/25,INTRAREGIONAL,060001,001/250220/00000008376/04401,00000008376,FIRST PRES.  TOTAL,17.0,353.02,DR,7.18,
60,DMC                          CLEARING CYCLE 004 - NOTIFICATION                                 PAGE NO:         1,02/20/25,INTRAREGIONAL,060001,001/250220/00000008376/04401,00000008376,BUSINESS SERVICE ID SUBTOTAL,17.0,353.02,DR,7.18,
62,DMC                          CLEARING CYCLE 004 - NOTIFICATION                                 PAGE NO:         1,02/20/25,INTRACOUNTRY,404001,001/250220/00000008376/04401,00000008376,FIRST PRES.  PURCHASE   ORIG L5,5.0,3413.85,DR,17.16,
62,DMC                          CLEARING CYCLE 004 - NOTIFICATION                                 PAGE NO:         1,02/20/25,INTRACOUNTRY,404001,001/250220/00000008376/04401,00000008376,PURCHASE   ORIG PE,1.0,1343.25,DR,6.75,
62,DMC                          CLEARING CYCLE 004 - NOTIFICATION                                 PAGE NO:         1,02/20/25,INTRACOUNTRY,404001,001/250220/00000008376/04401,00000008376,PURCHASE   ORIG 83,1.0,665.65,DR,3.35,
62,DMC                          CLEARING CYCLE 004 - NOTIFICATION                                 PAGE NO:         1,02/20/25,INTRACOUNTRY,404001,001/250220/00000008376/04401,00000008376,CREDIT     ORIG L5,1.0,503.47,CR,2.53,
62,DMC                          CLEARING CYCLE 004 - NOTIFICATION                                 PAGE NO:         1,02/20/25,INTRACOUNTRY,404001,001/250220/00000008376/04401,00000008376,CREDIT     ORIG 79,1.0,8475.41,CR,42.59,
62,DMC                          CLEARING CYCLE 004 - NOTIFICATION                                 PAGE NO:         1,02/20/25,INTRACOUNTRY,404001,001/250220/00000008376/04401,00000008376,FIRST PRES.  TOTAL,9.0,3556.13,CR,17.86,
62,DMC                          CLEARING CYCLE 004 - NOTIFICATION                                 PAGE NO:         1,02/20/25,INTRACOUNTRY,404001,001/250220/00000008376/04401,00000008376,BUSINESS SERVICE ID SUBTOTAL,9.0,3556.13,CR,17.86,
62,DMC                          CLEARING CYCLE 004 - NOTIFICATION                                 PAGE NO:         1,02/20/25,INTRACOUNTRY,404001,001/250220/00000008376/04401,00000008376,FIRST PRES.  PURCHASE   ORIG 79,1.0,49.75,DR,0.25,
62,DMC                          CLEARING CYCLE 004 - NOTIFICATION                                 PAGE NO:         1,02/20/25,INTRACOUNTRY,404001,001/250220/00000008376/04401,00000008376,FIRST PRES.  TOTAL,1.0,49.75,DR,0.25,
62,DMC                          CLEARING CYCLE 004 - NOTIFICATION                                 PAGE NO:         1,02/20/25,INTRACOUNTRY,404001,001/250220/00000008376/04401,00000008376,BUSINESS SERVICE ID SUBTOTAL,1.0,49.75,DR,0.25,
64,MCC                          CLEARING CYCLE 004 - NOTIFICATION                                 PAGE NO:         1,02/20/25,INTERREGIONAL,010601,001/250220/00000008376/04401,00000008376,FIRST PRES.  PURCHASE   ORIG YD,1.0,49.32,DR,0.55,
64,MCC                          CLEARING CYCLE 004 - NOTIFICATION                                 PAGE NO:         1,02/20/25,INTERREGIONAL,010601,001/250220/00000008376/04401,00000008376,PURCHASE   ORIG 61,1.0,124.53,DR,2.54,
64,MCC                          CLEARING CYCLE 004 - NOTIFICATION                                 PAGE NO:         1,02/20/25,INTERREGIONAL,010601,001/250220/00000008376/04401,00000008376,FIRST PRES.  TOTAL,2.0,173.85,DR,3.09,
64,MCC                          CLEARING CYCLE 004 - NOTIFICATION                                 PAGE NO:         1,02/20/25,INTERREGIONAL,010601,001/250220/00000008376/04401,00000008376,SEC. PRES.-F PURCHASE   ORIG YA,1.0,5.32,DR,0.09,
64,MCC                          CLEARING CYCLE 004 - NOTIFICATION                                 PAGE NO:         1,02/20/25,INTERREGIONAL,010601,001/250220/00000008376/04401,00000008376,SEC. PRES.-F TOTAL,1.0,5.32,DR,0.09,
64,MCC                          CLEARING CYCLE 004 - NOTIFICATION                                 PAGE NO:         1,02/20/25,INTERREGIONAL,010601,001/250220/00000008376/04401,00000008376,BUSINESS SERVICE ID SUBTOTAL,3.0,179.17,DR,3.18,
66,MCC                          CLEARING CYCLE 004 - NOTIFICATION                                 PAGE NO:         1,02/20/25,INTERREGIONAL,020601,001/250220/00000008376/04401,00000008376,FIRST PRES.  PURCHASE   ORIG 61,1.0,104.03,DR,2.12,
66,MCC                          CLEARING CYCLE 004 - NOTIFICATION                                 PAGE NO:         1,02/20/25,INTERREGIONAL,020601,001/250220/00000008376/04401,00000008376,FIRST PRES.  TOTAL,1.0,104.03,DR,2.12,
66,MCC                          CLEARING CYCLE 004 - NOTIFICATION                                 PAGE NO:         1,02/20/25,INTERREGIONAL,020601,001/250220/00000008376/04401,00000008376,BUSINESS SERVICE ID SUBTOTAL,1.0,104.03,DR,2.12,
68,MCC                          CLEARING CYCLE 004 - NOTIFICATION                                 PAGE NO:         1,02/20/25,INTERREGIONAL,050601,001/250220/00000008376/04401,00000008376,FIRST PRES.  PURCHASE   ORIG 61,1.0,2.43,DR,0.05,
68,MCC                          CLEARING CYCLE 004 - NOTIFICATION                                 PAGE NO:         1,02/20/25,INTERREGIONAL,050601,001/250220/00000008376/04401,00000008376,FIRST PRES.  TOTAL,1.0,2.43,DR,0.05,
68,MCC                          CLEARING CYCLE 004 - NOTIFICATION                                 PAGE NO:         1,02/20/25,INTERREGIONAL,050601,001/250220/00000008376/04401,00000008376,BUSINESS SERVICE ID SUBTOTAL,1.0,2.43,DR,0.05,
70,MCC                          CLEARING CYCLE 004 - NOTIFICATION                                 PAGE NO:         1,02/20/25,INTERREGIONAL,060101,001/250220/00000008376/04401,00000008376,FEE COLL-MBG FEE COL CR ORIG,1.0,65.92,DR,,
70,MCC                          CLEARING CYCLE 004 - NOTIFICATION                                 PAGE NO:         1,02/20/25,INTERREGIONAL,060101,001/250220/00000008376/04401,00000008376,FEE COLL-MBG TOTAL,1.0,65.92,DR,,
70,MCC                          CLEARING CYCLE 004 - NOTIFICATION                                 PAGE NO:         1,02/20/25,INTERREGIONAL,060101,001/250220/00000008376/04401,00000008376,BUSINESS SERVICE ID SUBTOTAL,1.0,65.92,DR,,
72,MCC                          CLEARING CYCLE 004 - NOTIFICATION                                 PAGE NO:         1,02/20/25,INTERREGIONAL,060501,001/250220/00000008376/04401,00000008376,FEE COLL-MBG FEE COL CR ORIG,2.0,1000.3,DR,,
72,MCC                          CLEARING CYCLE 004 - NOTIFICATION                                 PAGE NO:         1,02/20/25,INTERREGIONAL,060501,001/250220/00000008376/04401,00000008376,FEE COLL-MBG TOTAL,2.0,1000.3,DR,,
72,MCC                          CLEARING CYCLE 004 - NOTIFICATION                                 PAGE NO:         1,02/20/25,INTERREGIONAL,060501,001/250220/00000008376/04401,00000008376,BUSINESS SERVICE ID SUBTOTAL,2.0,1000.3,DR,,
74,MCC                          CLEARING CYCLE 004 - NOTIFICATION                                 PAGE NO:         1,02/20/25,INTRAREGIONAL,060001,001/250220/00000008376/04401,00000008376,FIRST PRES.  PURCHASE   ORIG YD,1.0,4.94,DR,0.06,
74,MCC                          CLEARING CYCLE 004 - NOTIFICATION                                 PAGE NO:         1,02/20/25,INTRAREGIONAL,060001,001/250220/00000008376/04401,00000008376,PURCHASE   ORIG YL,9.0,90.96,DR,2.04,
74,MCC                          CLEARING CYCLE 004 - NOTIFICATION                                 PAGE NO:         1,02/20/25,INTRAREGIONAL,060001,001/250220/00000008376/04401,00000008376,PURCHASE   ORIG YS,1.0,24.47,DR,0.53,
74,MCC                          CLEARING CYCLE 004 - NOTIFICATION                                 PAGE NO:         1,02/20/25,INTRAREGIONAL,060001,001/250220/00000008376/04401,00000008376,PURCHASE   ORIG 61,6.0,61.74,DR,1.26,
74,MCC                          CLEARING CYCLE 004 - NOTIFICATION                                 PAGE NO:         1,02/20/25,INTRAREGIONAL,060001,001/250220/00000008376/04401,00000008376,FIRST PRES.  TOTAL,17.0,182.11,DR,3.89,
74,MCC                          CLEARING CYCLE 004 - NOTIFICATION                                 PAGE NO:         1,02/20/25,INTRAREGIONAL,060001,001/250220/00000008376/04401,00000008376,BUSINESS SERVICE ID SUBTOTAL,17.0,182.11,DR,3.89,
76,MCC                          CLEARING CYCLE 004 - NOTIFICATION                                 PAGE NO:         1,02/20/25,INTRACOUNTRY,404001,001/250220/00000008376/04401,00000008376,FIRST PRES.  PURCHASE   ORIG EE,4.0,20195.32,DR,378.68,
76,MCC                          CLEARING CYCLE 004 - NOTIFICATION                                 PAGE NO:         1,02/20/25,INTRACOUNTRY,404001,001/250220/00000008376/04401,00000008376,PURCHASE   ORIG L5,1.0,467.65,DR,2.35,
76,MCC                          CLEARING CYCLE 004 - NOTIFICATION                                 PAGE NO:         1,02/20/25,INTRACOUNTRY,404001,001/250220/00000008376/04401,00000008376,PURCHASE   ORIG 61,2.0,1264.2,DR,25.8,
76,MCC                          CLEARING CYCLE 004 - NOTIFICATION                                 PAGE NO:         1,02/20/25,INTRACOUNTRY,404001,001/250220/00000008376/04401,00000008376,PURCHASE   ORIG 79,1.0,4535.93,DR,62.07,
76,MCC                          CLEARING CYCLE 004 - NOTIFICATION                                 PAGE NO:         1,02/20/25,INTRACOUNTRY,404001,001/250220/00000008376/04401,00000008376,FIRST PRES.  TOTAL,8.0,26463.1,DR,468.9,
76,MCC                          CLEARING CYCLE 004 - NOTIFICATION                                 PAGE NO:         1,02/20/25,INTRACOUNTRY,404001,001/250220/00000008376/04401,00000008376,BUSINESS SERVICE ID SUBTOTAL,8.0,26463.1,DR,468.9,
80,DMC                                    CLEARING CYCLE 004                                      RUN TIME: 04.16.40,02/20/25,INTERREGIONAL,,002/25,00000008376,010601   001/250220/00000008376/04401 O,,239.91,DR,4.71,CR
80,DMC                                    CLEARING CYCLE 004                                      RUN TIME: 04.16.40,02/20/25,INTERREGIONAL,,002/25,00000008376,030601   001/250220/00000008376/04401 O,,12.4,DR,0.2,CR
80,DMC                                    CLEARING CYCLE 004                                      RUN TIME: 04.16.40,02/20/25,INTERREGIONAL,,002/25,00000008376,040601   001/250220/00000008376/04401 O,,272.48,DR,4.68,CR
80,DMC                                    CLEARING CYCLE 004                                      RUN TIME: 04.16.40,02/20/25,INTERREGIONAL,,002/25,00000008376,050601   001/250220/00000008376/04401 O,,2793.43,DR,32.18,CR
80,DMC                                    CLEARING CYCLE 004                                      RUN TIME: 04.16.40,02/20/25,INTERREGIONAL,,002/25,00000008376,GRAND TOTAL,,3318.22,DR,41.77,CR
80,DMC                                    CLEARING CYCLE 004                                      RUN TIME: 04.16.40,02/20/25,INTERREGIONAL,,002/25,00000008376,010601   001/250220/00000008376/04401 O,,179.17,DR,3.18,CR
80,DMC                                    CLEARING CYCLE 004                                      RUN TIME: 04.16.40,02/20/25,INTERREGIONAL,,002/25,00000008376,020601   001/250220/00000008376/04401 O,,104.03,DR,2.12,CR
80,DMC                                    CLEARING CYCLE 004                                      RUN TIME: 04.16.40,02/20/25,INTERREGIONAL,,002/25,00000008376,050601   001/250220/00000008376/04401 O,,2.43,DR,0.05,CR
80,DMC                                    CLEARING CYCLE 004                                      RUN TIME: 04.16.40,02/20/25,INTERREGIONAL,,002/25,00000008376,060101   001/250220/00000008376/04401 O,,65.92,DR,,DR
80,DMC                                    CLEARING CYCLE 004                                      RUN TIME: 04.16.40,02/20/25,INTERREGIONAL,,002/25,00000008376,060501   001/250220/00000008376/04401 O,,1000.3,DR,,DR
80,DMC                                    CLEARING CYCLE 004                                      RUN TIME: 04.16.40,02/20/25,INTERREGIONAL,,002/25,00000008376,GRAND TOTAL,,1351.85,DR,5.35,CR
80,DMC                                    CLEARING CYCLE 004                                      RUN TIME: 04.16.40,02/20/25,INTERREGIONAL,,002/25,00000008376,060001   001/250220/00000008376/04401 O,,353.02,DR,7.18,CR
80,DMC                                    CLEARING CYCLE 004                                      RUN TIME: 04.16.40,02/20/25,INTERREGIONAL,,002/25,00000008376,GRAND TOTAL,,353.02,DR,7.18,CR
80,DMC                                    CLEARING CYCLE 004                                      RUN TIME: 04.16.40,02/20/25,INTERREGIONAL,,002/25,00000008376,060001   001/250220/00000008376/04401 O,,182.11,DR,3.89,CR
80,DMC                                    CLEARING CYCLE 004                                      RUN TIME: 04.16.40,02/20/25,INTERREGIONAL,,002/25,00000008376,GRAND TOTAL,,182.11,DR,3.89,CR
80,DMC                                    CLEARING CYCLE 004                                      RUN TIME: 04.16.40,02/20/25,INTERREGIONAL,,002/25,00000008376,404001   001/250220/00000008376/04401 O,,3556.13,CR,17.86,DR
80,DMC                                    CLEARING CYCLE 004                                      RUN TIME: 04.16.40,02/20/25,INTERREGIONAL,,002/25,00000008376,GRAND TOTAL,,3556.13,CR,17.86,DR
80,DMC                                    CLEARING CYCLE 004                                      RUN TIME: 04.16.40,02/20/25,INTERREGIONAL,,002/25,00000008376,404001   001/250220/00000008376/04401 O,,26463.1,DR,468.9,CR
80,DMC                                    CLEARING CYCLE 004                                      RUN TIME: 04.16.40,02/20/25,INTERREGIONAL,,002/25,00000008376,GRAND TOTAL,,26463.1,DR,468.9,CR
80,DMC                                    CLEARING CYCLE 004                                      RUN TIME: 04.16.40,02/20/25,INTERREGIONAL,,002/25,00000008376,404001   001/250220/00000008376/04401 O,,49.75,DR,0.25,CR
80,DMC                                    CLEARING CYCLE 004                                      RUN TIME: 04.16.40,02/20/25,INTERREGIONAL,,002/25,00000008376,GRAND TOTAL,,49.75,DR,0.25,CR
80,DMC                                    CLEARING CYCLE 004                                      RUN TIME: 04.16.40,02/20/25,INTERREGIONAL,,002/25,00000008376,ACCEPTANCE BRAND: DMC,,4.16,,,
80,DMC                                    CLEARING CYCLE 004                                      RUN TIME: 04.16.40,02/20/25,INTERREGIONAL,,002/25,00000008376,010601,4401.0,239.91,DR,,
80,DMC                                    CLEARING CYCLE 004                                      RUN TIME: 04.16.40,02/20/25,INTERREGIONAL,,002/25,00000008376,030601,4401.0,12.4,DR,,
80,DMC                                    CLEARING CYCLE 004                                      RUN TIME: 04.16.40,02/20/25,INTERREGIONAL,,002/25,00000008376,040601,4401.0,272.48,DR,,
80,DMC                                    CLEARING CYCLE 004                                      RUN TIME: 04.16.40,02/20/25,INTERREGIONAL,,002/25,00000008376,050601,4401.0,2793.43,DR,,
80,DMC                                    CLEARING CYCLE 004                                      RUN TIME: 04.16.40,02/20/25,INTERREGIONAL,,002/25,00000008376,060101    002/250219/00000008376/00000,0.0,13990.98,CR,,
80,DMC                                    CLEARING CYCLE 004                                      RUN TIME: 04.16.40,02/20/25,INTERREGIONAL,,002/25,00000008376,060201    002/250219/00000008376/00000,0.0,1620.86,CR,,
80,DMC                                    CLEARING CYCLE 004                                      RUN TIME: 04.16.40,02/20/25,INTERREGIONAL,,002/25,00000008376,060301    002/250219/00000008376/00000,0.0,505.95,CR,,
80,DMC                                    CLEARING CYCLE 004                                      RUN TIME: 04.16.40,02/20/25,INTERREGIONAL,,002/25,00000008376,060401    002/250219/00000008376/00000,0.0,5968.38,CR,,
80,DMC                                    CLEARING CYCLE 004                                      RUN TIME: 04.16.40,02/20/25,INTERREGIONAL,,002/25,00000008376,060501    002/250219/00000008376/00000,0.0,101300.84,CR,,
80,DMC                                    CLEARING CYCLE 004                                      RUN TIME: 04.16.40,02/20/25,INTERREGIONAL,,002/25,00000008376,TOTAL,,120068.79,CR,,
80,DMC                                    CLEARING CYCLE 004                                      RUN TIME: 04.16.40,02/20/25,INTERREGIONAL,,002/25,00000008376,ACCEPTANCE BRAND: DMC,,4.16,,,
80,DMC                                    CLEARING CYCLE 004                                      RUN TIME: 04.16.40,02/20/25,INTERREGIONAL,,002/25,00000008376,060001    002/250219/00000008376/00000,0.0,28468.41,CR,,
80,DMC                                    CLEARING CYCLE 004                                      RUN TIME: 04.16.40,02/20/25,INTERREGIONAL,,002/25,00000008376,,4401.0,353.02,DR,,
80,DMC                                    CLEARING CYCLE 004                                      RUN TIME: 04.16.40,02/20/25,INTERREGIONAL,,002/25,00000008376,TOTAL,,28115.39,CR,,
80,DMC                                    CLEARING CYCLE 004                                      RUN TIME: 04.16.40,02/20/25,INTERREGIONAL,,002/25,00000008376,ACCEPTANCE BRAND: DMC,,4.16,,,
80,DMC                                    CLEARING CYCLE 004                                      RUN TIME: 04.16.40,02/20/25,INTERREGIONAL,,002/25,00000008376,404001    002/250219/00000008376/00000,0.0,9421651.8,CR,,
80,DMC                                    CLEARING CYCLE 004                                      RUN TIME: 04.16.40,02/20/25,INTERREGIONAL,,002/25,00000008376,,4401.0,3556.13,CR,,
80,DMC                                    CLEARING CYCLE 004                                      RUN TIME: 04.16.40,02/20/25,INTERREGIONAL,,002/25,00000008376,TOTAL,,9425207.93,CR,,
80,DMC                                    CLEARING CYCLE 004                                      RUN TIME: 04.16.40,02/20/25,INTERREGIONAL,,002/25,00000008376,404001    002/250219/00000008376/00000,0.0,5646.2,CR,,
80,DMC                                    CLEARING CYCLE 004                                      RUN TIME: 04.16.40,02/20/25,INTERREGIONAL,,002/25,00000008376,906/250220/00000019066/00614,614.0,101.7,CR,,
80,DMC                                    CLEARING CYCLE 004                                      RUN TIME: 04.16.40,02/20/25,INTERREGIONAL,,002/25,00000008376,,4401.0,49.75,DR,,
80,DMC                                    CLEARING CYCLE 004                                      RUN TIME: 04.16.40,02/20/25,INTERREGIONAL,,002/25,00000008376,TOTAL,,5698.15,CR,,
80,DMC                                    CLEARING CYCLE 004                                      RUN TIME: 04.16.40,02/20/25,INTERREGIONAL,,002/25,00000008376,ACCEPTANCE BRAND: MCC,,4.16,,,
80,DMC                                    CLEARING CYCLE 004                                      RUN TIME: 04.16.40,02/20/25,INTERREGIONAL,,002/25,00000008376,010601,4401.0,179.17,DR,,
80,DMC                                    CLEARING CYCLE 004                                      RUN TIME: 04.16.40,02/20/25,INTERREGIONAL,,002/25,00000008376,020601,4401.0,104.03,DR,,
80,DMC                                    CLEARING CYCLE 004                                      RUN TIME: 04.16.40,02/20/25,INTERREGIONAL,,002/25,00000008376,050601,4401.0,2.43,DR,,
80,DMC                                    CLEARING CYCLE 004                                      RUN TIME: 04.16.40,02/20/25,INTERREGIONAL,,002/25,00000008376,060101    002/250219/00000008376/00000,0.0,162065.77,CR,,
80,DMC                                    CLEARING CYCLE 004                                      RUN TIME: 04.16.40,02/20/25,INTERREGIONAL,,002/25,00000008376,906/250220/00000019066/00614,614.0,219.13,CR,,
80,DMC                                    CLEARING CYCLE 004                                      RUN TIME: 04.16.40,02/20/25,INTERREGIONAL,,002/25,00000008376,,4401.0,65.92,DR,,
80,DMC                                    CLEARING CYCLE 004                                      RUN TIME: 04.16.40,02/20/25,INTERREGIONAL,,002/25,00000008376,060201    002/250219/00000008376/00000,0.0,26583.16,CR,,
80,DMC                                    CLEARING CYCLE 004                                      RUN TIME: 04.16.40,02/20/25,INTERREGIONAL,,002/25,00000008376,060301    002/250219/00000008376/00000,0.0,9015.87,CR,,
80,DMC                                    CLEARING CYCLE 004                                      RUN TIME: 04.16.40,02/20/25,INTERREGIONAL,,002/25,00000008376,060401    002/250219/00000008376/00000,0.0,38590.6,CR,,
80,DMC                                    CLEARING CYCLE 004                                      RUN TIME: 04.16.40,02/20/25,INTERREGIONAL,,002/25,00000008376,060501    002/250219/00000008376/00000,0.0,161655.45,CR,,
80,DMC                                    CLEARING CYCLE 004                                      RUN TIME: 04.16.40,02/20/25,INTERREGIONAL,,002/25,00000008376,906/250220/00000019066/00614,614.0,316.0,CR,,
80,DMC                                    CLEARING CYCLE 004                                      RUN TIME: 04.16.40,02/20/25,INTERREGIONAL,,002/25,00000008376,,4401.0,1000.3,DR,,
80,DMC                                    CLEARING CYCLE 004                                      RUN TIME: 04.16.40,02/20/25,INTERREGIONAL,,002/25,00000008376,TOTAL,,397094.13,CR,,
80,DMC                                    CLEARING CYCLE 004                                      RUN TIME: 04.16.40,02/20/25,INTERREGIONAL,,002/25,00000008376,ACCEPTANCE BRAND: MCC,,4.16,,,
80,DMC                                    CLEARING CYCLE 004                                      RUN TIME: 04.16.40,02/20/25,INTERREGIONAL,,002/25,00000008376,060001    002/250219/00000008376/00000,0.0,24769.27,CR,,
80,DMC                                    CLEARING CYCLE 004                                      RUN TIME: 04.16.40,02/20/25,INTERREGIONAL,,002/25,00000008376,,4401.0,182.11,DR,,
80,DMC                                    CLEARING CYCLE 004                                      RUN TIME: 04.16.40,02/20/25,INTERREGIONAL,,002/25,00000008376,TOTAL,,24587.16,CR,,
80,DMC                                    CLEARING CYCLE 004                                      RUN TIME: 04.16.40,02/20/25,INTERREGIONAL,,002/25,00000008376,ACCEPTANCE BRAND: MCC,,4.16,,,
80,DMC                                    CLEARING CYCLE 004                                      RUN TIME: 04.16.40,02/20/25,INTERREGIONAL,,002/25,00000008376,404001    002/250219/00000008376/00000,0.0,3453192.2,CR,,
80,DMC                                    CLEARING CYCLE 004                                      RUN TIME: 04.16.40,02/20/25,INTERREGIONAL,,002/25,00000008376,,4401.0,26463.1,DR,,
80,DMC                                    CLEARING CYCLE 004                                      RUN TIME: 04.16.40,02/20/25,INTERREGIONAL,,002/25,00000008376,TOTAL,,3426729.1,CR,,
80,DMC                                    CLEARING CYCLE 004                                      RUN TIME: 04.16.40,02/20/25,INTERREGIONAL,,002/25,00000008376,404001    002/250219/00000008376/00000,0.0,1814.96,CR,,
80,DMC                                    CLEARING CYCLE 004                                      RUN TIME: 04.16.40,02/20/25,INTERREGIONAL,,002/25,00000008376,TOTAL,,1814.96,CR,,
80,DMC                                    CLEARING CYCLE 004                                      RUN TIME: 04.16.40,02/20/25,INTERREGIONAL,,002/25,00000008376,ACCEPTANCE BRAND: MCC,,4.16,,,
80,DMC                                    CLEARING CYCLE 004                                      RUN TIME: 04.16.40,02/20/25,INTERREGIONAL,,002/25,00000008376,000900    002/250219/00000008376/00000,0.0,195151.82,CR,,
80,DMC                                    CLEARING CYCLE 004                                      RUN TIME: 04.16.40,02/20/25,INTERREGIONAL,,002/25,00000008376,TOTAL,,195151.82,CR,,
80,DMC                                    CLEARING CYCLE 004                                      RUN TIME: 04.16.40,02/20/25,INTERREGIONAL,,002/25,00000008376,ACCEPTANCE BRAND: DMC,,4.16,,,
80,DMC                                    CLEARING CYCLE 004                                      RUN TIME: 04.16.40,02/20/25,INTERREGIONAL,,002/25,00000008376,CYCLE 01,1101.0,7888.67,DR,,
80,DMC                                    CLEARING CYCLE 004                                      RUN TIME: 04.16.40,02/20/25,INTERREGIONAL,,002/25,00000008376,CYCLE 02,2201.0,2032.35,DR,,
80,DMC                                    CLEARING CYCLE 004                                      RUN TIME: 04.16.40,02/20/25,INTERREGIONAL,,002/25,00000008376,CYCLE 03,3301.0,2435.77,DR,,
80,DMC                                    CLEARING CYCLE 004                                      RUN TIME: 04.16.40,02/20/25,INTERREGIONAL,,002/25,00000008376,CYCLE 04  002/250219/00000008376/00000,0.0,123387.01,CR,,
80,DMC                                    CLEARING CYCLE 004                                      RUN TIME: 04.16.40,02/20/25,INTERREGIONAL,,002/25,00000008376,CYCLE 04,4401.0,3318.22,DR,,
80,DMC                                    CLEARING CYCLE 004                                      RUN TIME: 04.16.40,02/20/25,INTERREGIONAL,,002/25,00000008376,TOTAL,,107712.0,CR,,
80,DMC                                    CLEARING CYCLE 004                                      RUN TIME: 04.16.40,02/20/25,INTERREGIONAL,,002/25,00000008376,ACCEPTANCE BRAND: DMC,,4.16,,,
80,DMC                                    CLEARING CYCLE 004                                      RUN TIME: 04.16.40,02/20/25,INTERREGIONAL,,002/25,00000008376,CYCLE 01,1101.0,689.25,DR,,
80,DMC                                    CLEARING CYCLE 004                                      RUN TIME: 04.16.40,02/20/25,INTERREGIONAL,,002/25,00000008376,CYCLE 02,2201.0,147.8,DR,,
80,DMC                                    CLEARING CYCLE 004                                      RUN TIME: 04.16.40,02/20/25,INTERREGIONAL,,002/25,00000008376,CYCLE 03,3301.0,1068.87,DR,,
80,DMC                                    CLEARING CYCLE 004                                      RUN TIME: 04.16.40,02/20/25,INTERREGIONAL,,002/25,00000008376,CYCLE 04  002/250219/00000008376/00000,0.0,28468.41,CR,,
80,DMC                                    CLEARING CYCLE 004                                      RUN TIME: 04.16.40,02/20/25,INTERREGIONAL,,002/25,00000008376,CYCLE 04,4401.0,353.02,DR,,
80,DMC                                    CLEARING CYCLE 004                                      RUN TIME: 04.16.40,02/20/25,INTERREGIONAL,,002/25,00000008376,TOTAL,,26209.47,CR,,
80,DMC                                    CLEARING CYCLE 004                                      RUN TIME: 04.16.40,02/20/25,INTERREGIONAL,,002/25,00000008376,ACCEPTANCE BRAND: DMC,,4.16,,,
80,DMC                                    CLEARING CYCLE 004                                      RUN TIME: 04.16.40,02/20/25,INTERREGIONAL,,002/25,00000008376,CYCLE 01,1101.0,119401.08,DR,,
80,DMC                                    CLEARING CYCLE 004                                      RUN TIME: 04.16.40,02/20/25,INTERREGIONAL,,002/25,00000008376,CYCLE 02,2201.0,174472.1,DR,,
80,DMC                                    CLEARING CYCLE 004                                      RUN TIME: 04.16.40,02/20/25,INTERREGIONAL,,002/25,00000008376,CYCLE 03,3301.0,144023.38,DR,,
80,DMC                                    CLEARING CYCLE 004                                      RUN TIME: 04.16.40,02/20/25,INTERREGIONAL,,002/25,00000008376,CYCLE 04  002/250219/00000008376/00000,0.0,9421651.8,CR,,
80,DMC                                    CLEARING CYCLE 004                                      RUN TIME: 04.16.40,02/20/25,INTERREGIONAL,,002/25,00000008376,CYCLE 04,4401.0,3556.13,CR,,
80,DMC                                    CLEARING CYCLE 004                                      RUN TIME: 04.16.40,02/20/25,INTERREGIONAL,,002/25,00000008376,TOTAL,,8987311.37,CR,,
80,DMC                                    CLEARING CYCLE 004                                      RUN TIME: 04.16.40,02/20/25,INTERREGIONAL,,002/25,00000008376,CYCLE 01,1101.0,28.56,DR,,
80,DMC                                    CLEARING CYCLE 004                                      RUN TIME: 04.16.40,02/20/25,INTERREGIONAL,,002/25,00000008376,CYCLE 04  002/250219/00000008376/00000,0.0,5646.2,CR,,
80,DMC                                    CLEARING CYCLE 004                                      RUN TIME: 04.16.40,02/20/25,INTERREGIONAL,,002/25,00000008376,CYCLE 04  906/250220/00000019066/00614,614.0,101.7,CR,,
80,DMC                                    CLEARING CYCLE 004                                      RUN TIME: 04.16.40,02/20/25,INTERREGIONAL,,002/25,00000008376,CYCLE 04,4401.0,49.75,DR,,
80,DMC                                    CLEARING CYCLE 004                                      RUN TIME: 04.16.40,02/20/25,INTERREGIONAL,,002/25,00000008376,TOTAL,,5669.59,CR,,
80,DMC                                    CLEARING CYCLE 004                                      RUN TIME: 04.16.40,02/20/25,INTERREGIONAL,,002/25,00000008376,ACCEPTANCE BRAND: MCC,,4.16,,,
80,DMC                                    CLEARING CYCLE 004                                      RUN TIME: 04.16.40,02/20/25,INTERREGIONAL,,002/25,00000008376,CYCLE 01,1101.0,3821.72,DR,,
80,DMC                                    CLEARING CYCLE 004                                      RUN TIME: 04.16.40,02/20/25,INTERREGIONAL,,002/25,00000008376,CYCLE 02,2201.0,6698.78,DR,,
80,DMC                                    CLEARING CYCLE 004                                      RUN TIME: 04.16.40,02/20/25,INTERREGIONAL,,002/25,00000008376,CYCLE 03,3301.0,2861.28,DR,,
80,DMC                                    CLEARING CYCLE 004                                      RUN TIME: 04.16.40,02/20/25,INTERREGIONAL,,002/25,00000008376,CYCLE 04  002/250219/00000008376/00000,0.0,397910.85,CR,,
80,DMC                                    CLEARING CYCLE 004                                      RUN TIME: 04.16.40,02/20/25,INTERREGIONAL,,002/25,00000008376,CYCLE 04  906/250220/00000019066/00614,614.0,535.13,CR,,
80,DMC                                    CLEARING CYCLE 004                                      RUN TIME: 04.16.40,02/20/25,INTERREGIONAL,,002/25,00000008376,CYCLE 04,4401.0,1351.85,DR,,
80,DMC                                    CLEARING CYCLE 004                                      RUN TIME: 04.16.40,02/20/25,INTERREGIONAL,,002/25,00000008376,TOTAL,,383712.35,CR,,
80,DMC                                    CLEARING CYCLE 004                                      RUN TIME: 04.16.40,02/20/25,INTERREGIONAL,,002/25,00000008376,ACCEPTANCE BRAND: MCC,,4.16,,,
80,DMC                                    CLEARING CYCLE 004                                      RUN TIME: 04.16.40,02/20/25,INTERREGIONAL,,002/25,00000008376,CYCLE 01,1101.0,1191.66,DR,,
80,DMC                                    CLEARING CYCLE 004                                      RUN TIME: 04.16.40,02/20/25,INTERREGIONAL,,002/25,00000008376,CYCLE 02,2201.0,17.56,DR,,
80,DMC                                    CLEARING CYCLE 004                                      RUN TIME: 04.16.40,02/20/25,INTERREGIONAL,,002/25,00000008376,CYCLE 03,3301.0,798.09,DR,,
80,DMC                                    CLEARING CYCLE 004                                      RUN TIME: 04.16.40,02/20/25,INTERREGIONAL,,002/25,00000008376,CYCLE 04  002/250219/00000008376/00000,0.0,24769.27,CR,,
80,DMC                                    CLEARING CYCLE 004                                      RUN TIME: 04.16.40,02/20/25,INTERREGIONAL,,002/25,00000008376,CYCLE 04,4401.0,182.11,DR,,
80,DMC                                    CLEARING CYCLE 004                                      RUN TIME: 04.16.40,02/20/25,INTERREGIONAL,,002/25,00000008376,TOTAL,,22579.85,CR,,
80,DMC                                    CLEARING CYCLE 004                                      RUN TIME: 04.16.40,02/20/25,INTERREGIONAL,,002/25,00000008376,ACCEPTANCE BRAND: MCC,,4.16,,,
80,DMC                                    CLEARING CYCLE 004                                      RUN TIME: 04.16.40,02/20/25,INTERREGIONAL,,002/25,00000008376,CYCLE 01,1101.0,278816.23,DR,,
80,DMC                                    CLEARING CYCLE 004                                      RUN TIME: 04.16.40,02/20/25,INTERREGIONAL,,002/25,00000008376,CYCLE 02,2201.0,21390.47,DR,,
80,DMC                                    CLEARING CYCLE 004                                      RUN TIME: 04.16.40,02/20/25,INTERREGIONAL,,002/25,00000008376,CYCLE 03,3301.0,107039.32,DR,,
80,DMC                                    CLEARING CYCLE 004                                      RUN TIME: 04.16.40,02/20/25,INTERREGIONAL,,002/25,00000008376,CYCLE 04  002/250219/00000008376/00000,0.0,3453192.2,CR,,
80,DMC                                    CLEARING CYCLE 004                                      RUN TIME: 04.16.40,02/20/25,INTERREGIONAL,,002/25,00000008376,CYCLE 04,4401.0,26463.1,DR,,
80,DMC                                    CLEARING CYCLE 004                                      RUN TIME: 04.16.40,02/20/25,INTERREGIONAL,,002/25,00000008376,TOTAL,,3019483.08,CR,,
80,DMC                                    CLEARING CYCLE 004                                      RUN TIME: 04.16.40,02/20/25,INTERREGIONAL,,002/25,00000008376,CYCLE 01,1101.0,449.42,DR,,
80,DMC                                    CLEARING CYCLE 004                                      RUN TIME: 04.16.40,02/20/25,INTERREGIONAL,,002/25,00000008376,CYCLE 04  002/250219/00000008376/00000,0.0,1814.96,CR,,
80,DMC                                    CLEARING CYCLE 004                                      RUN TIME: 04.16.40,02/20/25,INTERREGIONAL,,002/25,00000008376,TOTAL,,1365.54,CR,,
80,DMC                                    CLEARING CYCLE 004                                      RUN TIME: 04.16.40,02/20/25,INTERREGIONAL,,002/25,00000008376,ACCEPTANCE BRAND: MCC,,4.16,,,
80,DMC                                    CLEARING CYCLE 004                                      RUN TIME: 04.16.40,02/20/25,INTERREGIONAL,,002/25,00000008376,CYCLE 04  002/250219/00000008376/00000,0.0,195151.82,CR,,
80,DMC                                    CLEARING CYCLE 004                                      RUN TIME: 04.16.40,02/20/25,INTERREGIONAL,,002/25,00000008376,TOTAL,,195151.82,CR,,
80,DMC                                    CLEARING CYCLE 004                                      RUN TIME: 04.16.40,02/20/25,INTERREGIONAL,,002/25,00000008376,,,4.16,,,
80,DMC                                    CLEARING CYCLE 004                                      RUN TIME: 04.16.40,02/20/25,INTERREGIONAL,,002/25,00000008376,404-KES,,12006794.45,CR,,CR
80,DMC                                    CLEARING CYCLE 004                                      RUN TIME: 04.16.40,02/20/25,INTERREGIONAL,,002/25,00000008376,840-USD,,742400.62,CR,,CR
